open_time,open,high,low,close,volume,close_time,quote_asset_vol,num_trades,taker_buy_base,taker_buy_quote,ignore
1743465600000,4.81000000,4.86000000,4.79800000,4.83800000,15980.00000000,1743469199999,77263.44007000,710,9043.86000000,43727.91455000,0
1743469200000,4.84100000,4.84100000,4.77400000,4.79800000,10438.41000000,1743472799999,50130.38255000,561,3669.96000000,17637.27095000,0
1743472800000,4.80100000,4.89200000,4.79700000,4.87400000,11421.54000000,1743476399999,55388.57570000,669,7214.41000000,34952.35434000,0
1743476400000,4.87500000,4.90600000,4.86800000,4.87200000,6843.05000000,1743479999999,33448.13868000,399,2901.83000000,14189.83785000,0
1743480000000,4.87700000,4.91300000,4.87000000,4.90800000,4880.54000000,1743483599999,23895.42214000,366,3057.75000000,14967.35052000,0
1743483600000,4.91000000,4.94000000,4.90700000,4.93200000,10313.25000000,1743487199999,50831.19537000,652,5236.84000000,25820.46560000,0
1743487200000,4.93300000,4.98700000,4.93000000,4.96000000,10452.96000000,1743490799999,51791.65820000,740,5862.31000000,29040.73711000,0
1743490800000,4.96700000,4.97700000,4.93600000,4.94200000,8859.49000000,1743494399999,43891.99813000,558,4745.52000000,23512.53113000,0
1743494400000,4.94200000,5.06000000,4.94200000,5.05500000,29285.22000000,1743497999999,146926.16831000,2060,19970.85000000,100161.63829000,0
1743498000000,5.06100000,5.08200000,5.00300000,5.04200000,28368.55000000,1743501599999,142752.00227000,894,6800.82000000,34310.56700000,0
1743501600000,5.04300000,5.04600000,4.93800000,4.93800000,12819.73000000,1743505199999,63890.45339000,542,4000.91000000,19976.43220000,0
1743505200000,4.94000000,4.94100000,4.87600000,4.90900000,20601.05000000,1743508799999,101264.53826000,828,12131.81000000,59682.40958000,0
1743508800000,4.91000000,4.94400000,4.89400000,4.92100000,17725.47000000,1743512399999,87247.98328000,661,8918.44000000,43915.97626000,0
1743512400000,4.92600000,4.98000000,4.90800000,4.95400000,19948.61000000,1743515999999,98745.01092000,920,8067.69000000,39950.42139000,0
1743516000000,4.95300000,4.96700000,4.84800000,4.94000000,34714.95000000,1743519599999,170390.29511000,1613,14603.87000000,71736.10853000,0
1743519600000,4.93600000,5.02900000,4.93600000,5.00400000,23126.63000000,1743523199999,115461.01002000,1633,15070.54000000,75285.45436000,0
1743523200000,5.00500000,5.03000000,4.96700000,4.98200000,13929.56000000,1743526799999,69646.12505000,632,7007.81000000,35056.81386000,0
1743526800000,4.98500000,5.02100000,4.97100000,4.98000000,8519.46000000,1743530399999,42520.17162000,349,3664.38000000,18302.16111000,0
1743530400000,4.98100000,4.98100000,4.92500000,4.93900000,5800.05000000,1743533999999,28682.00615000,266,3185.80000000,15740.16745000,0
1743534000000,4.93800000,4.95000000,4.90900000,4.91100000,6464.47000000,1743537599999,31845.04980000,404,4306.62000000,21219.19116000,0
1743537600000,4.90900000,4.91200000,4.84800000,4.90000000,18228.74000000,1743541199999,88896.89429000,568,5219.90000000,25450.98325000,0
1743541200000,4.90100000,4.93900000,4.89000000,4.91000000,9113.11000000,1743544799999,44859.05763000,556,4894.51000000,24100.79339000,0
1743544800000,4.90900000,4.94700000,4.88600000,4.88600000,5751.94000000,1743548399999,28316.08627000,194,1124.37000000,5525.42109000,0
1743548400000,4.88500000,4.91200000,4.84700000,4.86300000,26153.90000000,1743551999999,127735.40527000,847,11893.85000000,58105.49406000,0
1743552000000,4.86100000,4.87900000,4.78300000,4.79700000,24241.95000000,1743555599999,116926.72360000,1092,11927.69000000,57541.15540000,0
1743555600000,4.79200000,4.80600000,4.72400000,4.74100000,34817.01000000,1743559199999,165777.70980000,861,18817.50000000,89621.29945000,0
1743559200000,4.74600000,4.75400000,4.59800000,4.64800000,57558.31000000,1743562799999,268782.15075000,1741,24018.79000000,112526.40708000,0
1743562800000,4.64700000,4.76200000,4.64700000,4.73800000,18569.38000000,1743566399999,87747.69334000,766,12969.78000000,61258.95178000,0
1743566400000,4.73700000,4.77000000,4.71300000,4.74500000,5993.47000000,1743569999999,28468.68038000,211,3238.85000000,15390.41275000,0
1743570000000,4.73200000,4.73200000,4.65600000,4.67500000,19879.34000000,1743573599999,93113.66301000,679,6148.51000000,28817.02210000,0
1743573600000,4.67200000,4.71800000,4.66000000,4.68000000,15660.84000000,1743577199999,73457.33121000,970,10079.96000000,47276.57850000,0
1743577200000,4.67900000,4.76600000,4.66700000,4.72500000,24209.21000000,1743580799999,114155.84931000,1606,15467.44000000,72983.68149000,0
1743580800000,4.72500000,4.77700000,4.69900000,4.75300000,10195.91000000,1743584399999,48275.82941000,456,5885.24000000,27857.80680000,0
1743584400000,4.74600000,4.83000000,4.74300000,4.80100000,28413.86000000,1743587999999,136219.03231000,928,13881.26000000,66648.52733000,0
1743588000000,4.80800000,4.81900000,4.74600000,4.75200000,13930.66000000,1743591599999,66686.92665000,470,6261.79000000,29979.60391000,0
1743591600000,4.74900000,4.77100000,4.74600000,4.75000000,8711.07000000,1743595199999,41429.09031000,323,3473.21000000,16518.25958000,0
1743595200000,4.75000000,4.76800000,4.71800000,4.76100000,14297.48000000,1743598799999,67725.62405000,427,5314.24000000,25187.37049000,0
1743598800000,4.75900000,4.79500000,4.67900000,4.74700000,26296.88000000,1743602399999,124636.23645000,1060,15035.17000000,71277.91303000,0
1743602400000,4.74300000,4.77200000,4.70300000,4.76900000,16013.78000000,1743605999999,75869.22364000,649,8037.73000000,38095.41546000,0
1743606000000,4.76100000,4.91000000,4.75700000,4.85500000,53587.17000000,1743609599999,260149.97663000,2435,26509.15000000,128671.41710000,0
1743609600000,4.85800000,4.89500000,4.83700000,4.84300000,33494.85000000,1743613199999,163095.88756000,1216,22398.72000000,109059.72109000,0
1743613200000,4.85200000,4.86700000,4.75200000,4.79000000,18886.03000000,1743616799999,91026.02510000,911,8556.55000000,41227.55766000,0
1743616800000,4.79000000,4.85300000,4.77500000,4.83700000,5126.51000000,1743620399999,24699.03006000,422,2741.77000000,13221.75611000,0
1743620400000,4.83400000,4.84500000,4.80800000,4.82100000,8439.65000000,1743623999999,40706.89143000,423,2343.88000000,11308.20922000,0
1743624000000,4.82000000,4.94600000,4.71700000,4.80000000,119681.94000000,1743627599999,578132.38813000,4683,62529.28000000,302068.14247000,0
1743627600000,4.80400000,4.81400000,4.70900000,4.74700000,20985.56000000,1743631199999,99529.58412000,780,8216.79000000,38982.19113000,0
1743631200000,4.74200000,4.74200000,4.45300000,4.50100000,89202.49000000,1743634799999,404824.33249000,3039,40791.10000000,184841.50450000,0
1743634800000,4.49700000,4.52700000,4.45600000,4.50500000,25213.75000000,1743638399999,113291.27021000,1141,11216.78000000,50406.01743000,0
1743638400000,4.50300000,4.61400000,4.48900000,4.61300000,24505.62000000,1743641999999,111919.70199000,1589,13701.70000000,62620.95973000,0
1743642000000,4.61200000,4.67600000,4.61200000,4.65800000,25487.53000000,1743645599999,118168.35235000,1425,14328.96000000,66415.29773000,0
1743645600000,4.65900000,4.70300000,4.63600000,4.69100000,12151.58000000,1743649199999,56772.22236000,531,5397.62000000,25236.84373000,0
1743649200000,4.69100000,4.69500000,4.66400000,4.67000000,5591.03000000,1743652799999,26158.57111000,273,4019.39000000,18807.12797000,0
1743652800000,4.66900000,4.68900000,4.61200000,4.66900000,41992.33000000,1743656399999,195162.08260000,887,7427.04000000,34562.39476000,0
1743656400000,4.67000000,4.67500000,4.61100000,4.61100000,11068.65000000,1743659999999,51295.42306000,692,6138.43000000,28429.93502000,0
1743660000000,4.61100000,4.63800000,4.58600000,4.59100000,8468.97000000,1743663599999,39056.25419000,598,4601.55000000,21206.13828000,0
1743663600000,4.59200000,4.60800000,4.50500000,4.53500000,45555.37000000,1743667199999,207596.67517000,1553,20190.22000000,92205.18514000,0
1743667200000,4.52500000,4.56000000,4.50600000,4.51600000,15207.98000000,1743670799999,68852.17714000,799,8045.66000000,36421.97868000,0
1743670800000,4.51600000,4.54200000,4.49000000,4.49900000,27702.28000000,1743674399999,125297.03416000,867,11083.62000000,50073.02104000,0
1743674400000,4.49300000,4.50500000,4.34200000,4.34800000,35524.18000000,1743677999999,156437.76810000,1171,11566.08000000,50923.91285000,0
1743678000000,4.34900000,4.39500000,4.31600000,4.38500000,17870.85000000,1743681599999,77887.88485000,731,9349.32000000,40785.89986000,0
1743681600000,4.37600000,4.41300000,4.27800000,4.28800000,34294.03000000,1743685199999,149074.84953000,1477,15009.21000000,65344.31986000,0
1743685200000,4.28600000,4.41000000,4.28500000,4.40400000,28600.00000000,1743688799999,124683.72415000,1348,18031.42000000,78665.38776000,0
1743688800000,4.40500000,4.40900000,4.33300000,4.34100000,34385.24000000,1743692399999,150135.14870000,1967,16242.92000000,70929.86399000,0
1743692400000,4.34100000,4.36500000,4.26600000,4.29500000,53920.44000000,1743695999999,233389.23662000,2315,26797.75000000,116009.59952000,0
1743696000000,4.30300000,4.34400000,4.28800000,4.30000000,25497.59000000,1743699599999,109960.68302000,1870,13372.58000000,57662.71957000,0
1743699600000,4.30100000,4.38200000,4.30100000,4.36500000,44351.98000000,1743703199999,192711.62782000,4302,32097.20000000,139479.08847000,0
1743703200000,4.36400000,4.47600000,4.33800000,4.43200000,34786.99000000,1743706799999,152701.99649000,1439,20480.67000000,89953.26169000,0
1743706800000,4.43300000,4.45200000,4.41400000,4.42900000,17575.00000000,1743710399999,77960.86946000,810,9372.92000000,41575.96495000,0
1743710400000,4.43000000,4.48100000,4.41900000,4.47200000,13004.74000000,1743713999999,57856.36433000,600,7586.98000000,33750.97888000,0
1743714000000,4.47300000,4.52200000,4.46400000,4.51400000,10700.37000000,1743717599999,47989.84536000,489,6584.99000000,29543.20259000,0
1743717600000,4.51100000,4.52800000,4.49400000,4.51300000,4640.53000000,1743721199999,20925.53859000,341,2428.96000000,10956.17185000,0
1743721200000,4.51700000,4.51700000,4.47500000,4.49800000,15814.62000000,1743724799999,71101.21559000,701,8052.93000000,36216.71669000,0
1743724800000,4.49900000,4.52300000,4.45900000,4.46500000,24420.03000000,1743728399999,109688.43293000,1144,10873.26000000,48844.84111000,0
1743728400000,4.46500000,4.50900000,4.44200000,4.45500000,25615.17000000,1743731999999,114768.89284000,1242,13711.90000000,61451.97224000,0
1743732000000,4.45600000,4.52500000,4.45600000,4.49400000,15025.49000000,1743735599999,67570.37476000,779,8040.61000000,36157.55589000,0
1743735600000,4.49000000,4.51400000,4.47700000,4.50800000,13765.22000000,1743739199999,61908.47528000,683,7414.99000000,33354.94888000,0
1743739200000,4.50700000,4.53600000,4.50500000,4.51900000,11442.75000000,1743742799999,51691.98243000,448,5013.52000000,22646.39847000,0
1743742800000,4.52000000,4.58900000,4.50500000,4.58400000,12173.32000000,1743746399999,55520.07363000,550,7720.06000000,35209.39433000,0
1743746400000,4.58500000,4.59600000,4.53500000,4.53700000,8050.21000000,1743749999999,36748.58766000,357,3403.79000000,15540.37591000,0
1743750000000,4.53700000,4.58500000,4.53300000,4.57200000,15297.25000000,1743753599999,69771.95100000,709,8230.39000000,37545.48464000,0
1743753600000,4.57300000,4.65000000,4.57100000,4.57300000,22533.12000000,1743757199999,103837.77337000,941,9626.70000000,44359.85541000,0
1743757200000,4.57500000,4.57800000,4.51700000,4.55100000,33123.74000000,1743760799999,150611.41605000,2403,18820.45000000,85568.22469000,0
1743760800000,4.54700000,4.56900000,4.36700000,4.38000000,48909.39000000,1743764399999,217505.95771000,3772,24950.87000000,110832.95424000,0
1743764400000,4.38000000,4.41400000,4.31600000,4.38400000,33292.36000000,1743767999999,145720.47126000,1393,16138.35000000,70631.08392000,0
1743768000000,4.38400000,4.43300000,4.34200000,4.40400000,33806.71000000,1743771599999,148468.85075000,1278,18720.28000000,82158.87780000,0
1743771600000,4.40500000,4.44100000,4.31100000,4.38300000,23761.31000000,1743775199999,103784.50348000,1009,11473.07000000,50159.82872000,0
1743775200000,4.38500000,4.40300000,4.31600000,4.34600000,47082.04000000,1743778799999,205257.23923000,2435,25771.02000000,112419.93767000,0
1743778800000,4.34500000,4.40000000,4.19600000,4.21100000,87674.00000000,1743782399999,377369.53873000,3200,39331.40000000,169442.45881000,0
1743782400000,4.21200000,4.42300000,4.21100000,4.39800000,93944.88000000,1743785999999,407470.79964000,3407,56209.60000000,243596.50553000,0
1743786000000,4.40000000,4.49600000,4.33400000,4.44900000,63720.45000000,1743789599999,281088.49726000,2393,33237.14000000,146624.97587000,0
1743789600000,4.45100000,4.47000000,4.38400000,4.39100000,22648.93000000,1743793199999,100181.81391000,1127,11569.49000000,51195.61596000,0
1743793200000,4.39500000,4.51500000,4.27700000,4.37100000,170856.05000000,1743796799999,743399.14327000,4623,78301.87000000,341050.93720000,0
1743796800000,4.36900000,4.39700000,4.35800000,4.38600000,8957.41000000,1743800399999,39214.01361000,393,4572.37000000,20014.49351000,0
1743800400000,4.38600000,4.44000000,4.38000000,4.40500000,31706.66000000,1743803999999,139765.72435000,569,20464.84000000,90228.84159000,0
1743804000000,4.40900000,4.42900000,4.39500000,4.40300000,14099.23000000,1743807599999,62188.55941000,805,7308.20000000,32235.67360000,0
1743807600000,4.40400000,4.41700000,4.38900000,4.41100000,10606.44000000,1743811199999,46690.55384000,556,4796.19000000,21114.04790000,0
1743811200000,4.41000000,4.44300000,4.40200000,4.44000000,12056.26000000,1743814799999,53325.88097000,538,6825.01000000,30186.58343000,0
1743814800000,4.44300000,4.46500000,4.42100000,4.42600000,8013.73000000,1743818399999,35626.13300000,439,4157.67000000,18486.84132000,0
1743818400000,4.42600000,4.43200000,4.37700000,4.38100000,28928.04000000,1743821999999,127280.02234000,2197,13740.39000000,60478.74547000,0
1743822000000,4.38000000,4.38400000,4.31200000,4.32900000,24897.71000000,1743825599999,108414.01937000,1185,9588.20000000,41733.43373000,0
1743825600000,4.32900000,4.35700000,4.32600000,4.33400000,12177.65000000,1743829199999,52865.95801000,871,6571.31000000,28528.42310000,0
1743829200000,4.33400000,4.37200000,4.32700000,4.34400000,6706.63000000,1743832799999,29175.89332000,289,3328.17000000,14492.70370000,0
1743832800000,4.34400000,4.38900000,4.34200000,4.38500000,12502.86000000,1743836399999,54710.66890000,373,5484.73000000,24007.84266000,0
1743836400000,4.38200000,4.40400000,4.37600000,4.40100000,12312.71000000,1743839999999,54029.64281000,479,5845.26000000,25649.94950000,0
1743840000000,4.40300000,4.42500000,4.39200000,4.42000000,6503.65000000,1743843599999,28661.06842000,293,4360.64000000,19215.91195000,0
1743843600000,4.41900000,4.41900000,4.37100000,4.37600000,18726.65000000,1743847199999,82149.50303000,619,3742.60000000,16443.05911000,0
1743847200000,4.37700000,4.38500000,4.33200000,4.34600000,24718.85000000,1743850799999,107728.41153000,992,8270.35000000,36034.67299000,0
1743850800000,4.34500000,4.37100000,4.32900000,4.34300000,24073.90000000,1743854399999,104738.85189000,770,17448.47000000,75938.86786000,0
1743854400000,4.34500000,4.34700000,4.30300000,4.32400000,10006.42000000,1743857999999,43246.34563000,371,5125.62000000,22149.31113000,0
1743858000000,4.32400000,4.32700000,4.28000000,4.29600000,17936.93000000,1743861599999,76994.82810000,499,7098.35000000,30467.73842000,0
1743861600000,4.29500000,4.31500000,4.26900000,4.27600000,11515.78000000,1743865199999,49373.40578000,841,5532.72000000,23718.24402000,0
1743865200000,4.27500000,4.28500000,4.21100000,4.23400000,67560.37000000,1743868799999,286629.34091000,1910,32165.99000000,136580.76192000,0
1743868800000,4.23200000,4.29300000,4.23200000,4.27900000,20090.79000000,1743872399999,85913.91481000,665,13141.23000000,56227.77229000,0
1743872400000,4.27900000,4.30400000,4.26900000,4.26900000,4637.46000000,1743875999999,19883.88112000,235,2341.46000000,10037.35037000,0
1743876000000,4.27000000,4.30100000,4.26900000,4.27400000,10912.98000000,1743879599999,46719.69865000,401,4503.48000000,19290.58785000,0
1743879600000,4.27500000,4.28800000,4.26600000,4.27000000,7482.12000000,1743883199999,31993.80254000,361,3681.90000000,15748.19821000,0
1743883200000,4.26900000,4.32000000,4.26900000,4.30800000,12479.34000000,1743886799999,53646.74952000,544,6175.28000000,26545.35289000,0
1743886800000,4.30700000,4.30900000,4.28000000,4.29400000,3832.33000000,1743890399999,16462.71962000,254,1162.00000000,4990.85037000,0
1743890400000,4.29200000,4.32100000,4.28600000,4.32100000,3812.75000000,1743893999999,16382.43247000,222,1634.74000000,7027.63912000,0
1743894000000,4.32200000,4.35300000,4.32000000,4.34600000,11067.23000000,1743897599999,47980.69564000,720,3793.98000000,16448.93948000,0
1743897600000,4.34800000,4.36000000,4.32900000,4.34600000,13943.88000000,1743901199999,60601.27704000,947,4217.78000000,18330.35829000,0
1743901200000,4.34700000,4.37200000,4.33500000,4.33800000,16204.06000000,1743904799999,70523.97298000,881,7463.98000000,32484.61088000,0
1743904800000,4.33900000,4.34400000,4.31000000,4.31600000,6170.45000000,1743908399999,26694.76487000,494,1877.29000000,8121.37439000,0
1743908400000,4.31700000,4.32000000,4.29000000,4.30600000,13240.13000000,1743911999999,56923.23834000,772,3391.24000000,14582.69316000,0
1743912000000,4.30900000,4.30900000,4.28400000,4.30200000,6422.47000000,1743915599999,27588.80175000,483,1342.31000000,5765.19608000,0
1743915600000,4.30300000,4.33600000,4.29300000,4.33000000,6291.53000000,1743919199999,27124.00889000,404,1997.79000000,8608.24788000,0
1743919200000,4.33300000,4.33300000,4.29300000,4.29300000,7999.41000000,1743922799999,34508.00866000,590,2374.90000000,10246.08479000,0
1743922800000,4.29600000,4.31100000,4.28300000,4.29100000,14435.59000000,1743926399999,62011.94103000,744,5782.40000000,24824.35577000,0
1743926400000,4.29300000,4.33900000,4.27800000,4.33500000,13869.47000000,1743929999999,59775.32321000,779,5011.17000000,21599.19551000,0
1743930000000,4.33500000,4.33800000,4.30600000,4.30800000,5581.28000000,1743933599999,24125.53674000,354,2977.61000000,12870.28625000,0
1743933600000,4.30800000,4.30800000,4.28700000,4.30400000,5442.60000000,1743937199999,23395.80403000,346,2950.57000000,12682.55036000,0
1743937200000,4.30500000,4.31400000,4.28900000,4.30300000,4850.75000000,1743940799999,20849.11830000,270,1906.75000000,8199.82307000,0
1743940800000,4.30200000,4.30300000,4.22400000,4.22400000,8542.90000000,1743944399999,36439.91480000,420,2927.18000000,12483.77622000,0
1743944400000,4.22600000,4.23500000,4.14200000,4.14800000,38276.53000000,1743947999999,159747.07674000,1560,16236.77000000,67874.87847000,0
1743948000000,4.14500000,4.19800000,4.11900000,4.19700000,21578.85000000,1743951599999,89646.51274000,995,8887.37000000,36975.12443000,0
1743951600000,4.19700000,4.21200000,4.17200000,4.19000000,9771.13000000,1743955199999,40941.65775000,396,4324.83000000,18128.50812000,0
1743955200000,4.18500000,4.19100000,4.10700000,4.12300000,33931.39000000,1743958799999,140454.18648000,1047,11819.77000000,48921.75737000,0
1743958800000,4.11800000,4.12000000,3.99100000,4.01700000,53427.36000000,1743962399999,216909.01233000,2467,19973.13000000,81008.29012000,0
1743962400000,4.01400000,4.01700000,3.84000000,3.85600000,75866.74000000,1743965999999,296637.10565000,5797,30602.81000000,119682.82340000,0
1743966000000,3.85900000,3.97100000,3.83300000,3.94100000,96355.26000000,1743969599999,375352.20640000,3080,41249.60000000,160577.19864000,0
1743969600000,3.93800000,3.95500000,3.82100000,3.86800000,44852.96000000,1743973199999,174213.43923000,1847,21599.04000000,84035.29424000,0
1743973200000,3.87000000,3.94000000,3.86300000,3.90100000,11407.23000000,1743976799999,44622.54605000,702,5553.81000000,21731.86982000,0
1743976800000,3.90100000,3.98600000,3.84600000,3.86300000,31654.28000000,1743980399999,123772.52760000,1668,16263.14000000,63779.28079000,0
1743980400000,3.85900000,3.92400000,3.78000000,3.89500000,47614.60000000,1743983999999,182914.01658000,1932,22929.08000000,88235.08785000,0
1743984000000,3.89600000,3.92300000,3.86600000,3.91500000,11077.68000000,1743987599999,43124.23880000,768,5083.43000000,19778.62270000,0
1743987600000,3.91500000,4.01800000,3.91000000,3.98600000,43419.45000000,1743991199999,172460.73273000,3036,25069.33000000,99622.81701000,0
1743991200000,3.98500000,3.99200000,3.90100000,3.91100000,26382.50000000,1743994799999,104120.85603000,2297,11966.81000000,47261.79807000,0
1743994800000,3.91100000,3.91800000,3.74500000,3.79100000,44062.43000000,1743998399999,167420.21775000,2188,20854.36000000,79183.89175000,0
1743998400000,3.78900000,3.85000000,3.75300000,3.80800000,29978.43000000,1744001999999,114052.08425000,1437,10123.71000000,38536.91255000,0
1744002000000,3.80900000,3.85000000,3.73500000,3.75300000,29493.14000000,1744005599999,111799.55529000,1895,13000.56000000,49315.61545000,0
1744005600000,3.75300000,3.79300000,3.47400000,3.54000000,168840.74000000,1744009199999,607257.25525000,6811,78595.08000000,281929.00967000,0
1744009200000,3.54400000,3.66300000,3.53800000,3.58000000,39092.17000000,1744012799999,140667.37376000,1893,19075.91000000,68635.89433000,0
1744012800000,3.58000000,3.73600000,3.55400000,3.69200000,55861.89000000,1744016399999,204817.11334000,2080,29641.01000000,108631.93173000,0
1744016400000,3.69400000,3.73700000,3.65600000,3.67300000,24401.97000000,1744019999999,90040.42534000,1082,10414.48000000,38438.09831000,0
1744020000000,3.67000000,3.76400000,3.67000000,3.70700000,20949.33000000,1744023599999,77877.14233000,872,10794.58000000,40128.97743000,0
1744023600000,3.70400000,3.75100000,3.66200000,3.67900000,12194.59000000,1744027199999,45092.17449000,640,5629.69000000,20808.85034000,0
1744027200000,3.67900000,3.79200000,3.66100000,3.76800000,35787.86000000,1744030799999,133319.46498000,1176,16550.83000000,61771.46983000,0
1744030800000,3.76800000,3.90700000,3.69200000,3.88700000,70117.65000000,1744034399999,266551.22279000,2479,39652.49000000,150754.72313000,0
1744034400000,3.88300000,4.04400000,3.79100000,3.85200000,203401.67000000,1744037999999,792585.71631000,6976,98648.15000000,384805.46108000,0
1744038000000,3.85100000,3.89000000,3.80000000,3.85700000,67732.19000000,1744041599999,260288.30255000,2258,34279.87000000,131728.71296000,0
1744041600000,3.85500000,3.86800000,3.77800000,3.78400000,25446.64000000,1744045199999,97415.14649000,893,10905.18000000,41748.96650000,0
1744045200000,3.78600000,3.90700000,3.78600000,3.89200000,42787.21000000,1744048799999,164623.55795000,1449,21866.25000000,84071.98319000,0
1744048800000,3.89400000,3.90200000,3.85300000,3.86600000,21724.65000000,1744052399999,84256.62825000,775,10708.32000000,41533.16825000,0
1744052400000,3.87000000,3.89800000,3.82700000,3.83300000,21239.68000000,1744055999999,82175.23043000,715,11850.39000000,45857.52680000,0
1744056000000,3.83900000,3.89700000,3.83400000,3.88100000,6556.13000000,1744059599999,25383.17579000,230,3097.08000000,11980.87032000,0
1744059600000,3.87900000,3.88500000,3.82700000,3.87500000,10436.69000000,1744063199999,40201.05260000,410,6677.10000000,25715.46046000,0
1744063200000,3.87400000,3.91900000,3.86800000,3.90000000,13301.18000000,1744066799999,51963.83550000,450,6323.58000000,24699.29667000,0
1744066800000,3.89900000,3.91900000,3.86400000,3.88200000,16356.97000000,1744070399999,63654.79833000,812,9867.37000000,38401.43926000,0
1744070400000,3.88500000,3.89600000,3.84400000,3.84600000,10638.35000000,1744073999999,41187.97148000,332,5619.53000000,21763.92122000,0
1744074000000,3.84400000,3.97100000,3.83300000,3.96700000,25666.57000000,1744077599999,100898.76473000,666,13017.43000000,51144.12091000,0
1744077600000,3.96600000,3.99000000,3.92500000,3.92900000,14130.89000000,1744081199999,55929.81233000,497,7084.43000000,28047.58526000,0
1744081200000,3.92900000,3.94100000,3.88000000,3.89000000,7662.17000000,1744084799999,29976.38150000,344,4291.29000000,16794.33235000,0
1744084800000,3.89200000,3.92100000,3.88300000,3.91700000,9813.60000000,1744088399999,38275.78529000,277,6580.56000000,25671.53155000,0
1744088400000,3.92100000,3.93100000,3.86100000,3.88300000,9073.50000000,1744091999999,35268.98960000,337,3942.02000000,15314.40242000,0
1744092000000,3.87700000,3.87700000,3.82900000,3.83000000,11514.45000000,1744095599999,44264.25007000,471,6186.12000000,23774.31761000,0
1744095600000,3.82700000,3.84400000,3.81900000,3.84100000,10369.37000000,1744099199999,39715.57942000,536,6326.57000000,24230.77298000,0
1744099200000,3.84200000,3.85700000,3.81700000,3.85700000,8748.61000000,1744102799999,33569.30797000,304,3463.88000000,13294.69796000,0
1744102800000,3.84900000,3.85900000,3.81900000,3.83100000,16311.41000000,1744106399999,62644.03332000,1708,10364.73000000,39797.63323000,0
1744106400000,3.83300000,3.85800000,3.82500000,3.83100000,3734.39000000,1744109999999,14325.96765000,181,2235.77000000,8573.62549000,0
1744110000000,3.83100000,3.92700000,3.82400000,3.91300000,21103.96000000,1744113599999,82161.96851000,469,11580.80000000,45075.75801000,0
1744113600000,3.91600000,3.92900000,3.84700000,3.87200000,27083.82000000,1744117199999,105040.28723000,851,10544.15000000,40888.47922000,0
1744117200000,3.87100000,3.98600000,3.86900000,3.97200000,36091.04000000,1744120799999,142201.38002000,1191,15424.68000000,60768.34958000,0
1744120800000,3.97400000,4.10400000,3.95600000,3.97100000,115904.82000000,1744124399999,468319.99027000,3624,59553.48000000,240584.44695000,0
1744124400000,3.97500000,4.05000000,3.95800000,3.97800000,154271.22000000,1744127999999,617859.24820000,4623,73278.62000000,293464.46454000,0
1744128000000,3.97800000,4.02100000,3.24000000,3.40200000,710736.86000000,1744131599999,2497149.88234000,25347,306942.34000000,1076338.46425000,0
1744131600000,3.40300000,3.71100000,3.32700000,3.70000000,512690.75000000,1744135199999,1771263.48890000,20797,251754.48000000,872479.63512000,0
1744135200000,3.70000000,3.70000000,3.50200000,3.60300000,206381.06000000,1744138799999,742615.86787000,11028,110243.53000000,396364.45535000,0
1744138800000,3.60100000,3.61500000,3.52000000,3.54000000,54388.64000000,1744142399999,193445.23896000,1922,26432.07000000,94032.07574000,0
1744142400000,3.53800000,3.54900000,3.48200000,3.50800000,65774.25000000,1744145999999,231344.58492000,3435,37136.40000000,130633.82720000,0
1744146000000,3.50900000,3.54500000,3.47400000,3.52800000,23550.77000000,1744149599999,82566.57430000,1380,16292.43000000,57158.22160000,0
1744149600000,3.52400000,3.52400000,3.47300000,3.51000000,28057.89000000,1744153199999,98029.67466000,1711,20263.44000000,70814.13308000,0
1744153200000,3.51000000,3.51100000,3.46200000,3.49400000,21260.94000000,1744156799999,74125.41309000,1538,10072.64000000,35142.70958000,0
1744156800000,3.49300000,3.61900000,3.45800000,3.61600000,72759.31000000,1744160399999,258089.06748000,3250,31009.09000000,109946.70229000,0
1744160400000,3.61700000,3.62500000,3.41000000,3.62100000,98414.10000000,1744163999999,347952.64535000,3674,42827.42000000,151873.87158000,0
1744164000000,3.62300000,3.70700000,3.54300000,3.54300000,190853.14000000,1744167599999,695374.23175000,10661,101900.85000000,371910.48806000,0
1744167600000,3.54300000,3.55400000,3.40700000,3.53600000,183301.03000000,1744171199999,637358.36003000,12041,89732.35000000,312513.86405000,0
1744171200000,3.53400000,3.60000000,3.48300000,3.53500000,88919.51000000,1744174799999,314113.79615000,4808,41848.54000000,148017.44775000,0
1744174800000,3.53500000,3.56000000,3.48000000,3.51700000,32004.99000000,1744178399999,112558.90490000,1175,15271.36000000,53714.48079000,0
1744178400000,3.51900000,3.58800000,3.50500000,3.54400000,44408.61000000,1744181999999,157441.24231000,1456,20490.03000000,72719.96628000,0
1744182000000,3.54500000,3.60700000,3.54100000,3.59900000,46463.21000000,1744185599999,166385.18501000,1635,23177.51000000,83021.18960000,0
1744185600000,3.59800000,3.63700000,3.55900000,3.60600000,65216.96000000,1744189199999,234376.69845000,1759,29907.95000000,107573.65066000,0
1744189200000,3.60400000,3.60800000,3.54800000,3.56500000,24343.62000000,1744192799999,87104.97698000,843,13421.10000000,48011.65504000,0
1744192800000,3.56200000,3.65000000,3.54600000,3.63200000,27111.45000000,1744196399999,97112.58565000,900,18108.02000000,64844.03461000,0
1744196400000,3.63100000,3.63300000,3.54200000,3.55100000,63571.74000000,1744199999999,227551.60842000,1889,30489.59000000,109078.01996000,0
1744200000000,3.54800000,3.64800000,3.52900000,3.61700000,35408.81000000,1744203599999,126848.58973000,1324,18849.17000000,67583.61014000,0
1744203600000,3.61700000,3.71600000,3.60400000,3.65400000,99645.36000000,1744207199999,363937.90135000,3179,54486.74000000,199162.88469000,0
1744207200000,3.65700000,3.68300000,3.59900000,3.60200000,48673.59000000,1744210799999,176872.31511000,1442,23808.55000000,86485.68365000,0
1744210800000,3.60400000,3.67600000,3.60200000,3.65400000,56885.57000000,1744214399999,206740.53778000,1599,31417.16000000,114119.88596000,0
1744214400000,3.65400000,4.35300000,3.64300000,4.21400000,385802.51000000,1744217999999,1556775.23083000,19783,192933.91000000,776410.91568000,0
1744218000000,4.21400000,4.25900000,3.92600000,4.02400000,466270.21000000,1744221599999,1885691.22759000,19534,227315.82000000,920265.61939000,0
1744221600000,4.02200000,4.08300000,4.00700000,4.03400000,121729.22000000,1744225199999,491503.83502000,4580,59985.50000000,242272.79043000,0
1744225200000,4.03500000,4.08200000,3.97500000,3.99700000,58880.84000000,1744228799999,237594.29315000,2065,31615.69000000,127608.60812000,0
1744228800000,3.99600000,4.04000000,3.98100000,4.03500000,44821.05000000,1744232399999,179455.11857000,1918,25423.15000000,101809.69211000,0
1744232400000,4.03200000,4.04600000,4.00300000,4.03300000,26124.96000000,1744235999999,105170.72968000,1850,15640.06000000,62968.20861000,0
1744236000000,4.03100000,4.03800000,4.01000000,4.01300000,14271.80000000,1744239599999,57370.35817000,1102,8865.78000000,35641.26045000,0
1744239600000,4.01300000,4.01900000,3.96500000,3.99500000,29441.97000000,1744243199999,117290.96081000,1436,19358.72000000,77130.68314000,0
1744243200000,3.99600000,4.02500000,3.91200000,3.93600000,50758.36000000,1744246799999,201567.34046000,2158,25761.79000000,102342.65159000,0
1744246800000,3.93500000,4.07000000,3.91700000,4.00700000,164913.36000000,1744250399999,658581.81442000,6381,113291.00000000,452465.70855000,0
1744250400000,4.00700000,4.06900000,3.84200000,3.91900000,217044.52000000,1744253999999,854273.24972000,16421,85395.93000000,338388.31346000,0
1744254000000,3.91700000,3.94100000,3.79900000,3.84600000,95819.84000000,1744257599999,369566.72814000,5461,48609.44000000,187829.70780000,0
1744257600000,3.84800000,3.87000000,3.79500000,3.83500000,23532.42000000,1744261199999,90000.63369000,1298,10695.48000000,40905.02693000,0
1744261200000,3.83400000,3.86200000,3.81800000,3.83300000,24543.76000000,1744264799999,94297.98540000,1000,14392.63000000,55304.67586000,0
1744264800000,3.83300000,3.87500000,3.82900000,3.86900000,16977.36000000,1744268399999,65457.82557000,827,8169.99000000,31507.76216000,0
1744268400000,3.86900000,3.87000000,3.79500000,3.82100000,14576.91000000,1744271999999,55729.86626000,729,5913.06000000,22624.51818000,0
1744272000000,3.82000000,3.87600000,3.80800000,3.84100000,27853.48000000,1744275599999,107071.31520000,911,13084.18000000,50270.14270000,0
1744275600000,3.84200000,3.85500000,3.81700000,3.83300000,19257.34000000,1744279199999,73800.65648000,616,11601.64000000,44457.26761000,0
1744279200000,3.83000000,3.83600000,3.80900000,3.82500000,25612.99000000,1744282799999,97829.14483000,1303,17459.36000000,66655.60416000,0
1744282800000,3.82600000,3.82900000,3.77100000,3.81000000,17613.37000000,1744286399999,66863.41226000,835,8246.95000000,31323.44543000,0
1744286400000,3.80800000,3.88800000,3.79800000,3.82900000,40124.64000000,1744289999999,154076.74453000,1816,20281.83000000,77891.05195000,0
1744290000000,3.82500000,3.88700000,3.79000000,3.82500000,35809.59000000,1744293599999,137152.23798000,1465,15298.18000000,58706.80581000,0
1744293600000,3.82600000,3.92400000,3.78200000,3.86300000,50010.77000000,1744297199999,192601.86144000,1667,26211.12000000,101158.12607000,0
1744297200000,3.86300000,3.86500000,3.72800000,3.77900000,69754.14000000,1744300799999,263787.00102000,2692,37653.71000000,142142.71981000,0
1744300800000,3.78000000,3.81000000,3.74600000,3.75800000,33737.07000000,1744304399999,127342.74598000,1357,22998.76000000,86831.38493000,0
1744304400000,3.75800000,3.78800000,3.72100000,3.75400000,24532.48000000,1744307999999,91989.89686000,1053,13426.86000000,50364.19097000,0
1744308000000,3.75000000,3.80300000,3.74600000,3.78300000,16489.95000000,1744311599999,62285.84447000,612,10482.97000000,39605.74432000,0
1744311600000,3.78200000,3.79700000,3.75700000,3.77200000,15791.44000000,1744315199999,59628.73869000,746,6910.75000000,26103.37902000,0
1744315200000,3.77400000,3.79900000,3.76800000,3.79100000,7252.71000000,1744318799999,27397.10723000,275,3058.54000000,11553.82914000,0
1744318800000,3.79300000,3.93800000,3.79100000,3.90000000,36936.57000000,1744322399999,143050.98864000,1668,20990.11000000,81393.99005000,0
1744322400000,3.90000000,3.98700000,3.86000000,3.86300000,41392.60000000,1744325999999,162342.79047000,2368,16888.11000000,66243.53210000,0
1744326000000,3.86300000,3.88300000,3.85200000,3.86800000,10802.29000000,1744329599999,41736.97943000,600,5200.05000000,20081.74491000,0
1744329600000,3.86700000,3.88900000,3.82800000,3.84000000,20728.77000000,1744333199999,79814.58854000,984,5907.31000000,22785.39463000,0
1744333200000,3.83900000,3.88200000,3.83900000,3.88200000,20934.72000000,1744336799999,80788.09247000,1047,10657.84000000,41135.93251000,0
1744336800000,3.88200000,3.91800000,3.85700000,3.87700000,40762.67000000,1744340399999,158626.72841000,1571,17857.31000000,69521.03519000,0
1744340400000,3.87800000,3.89800000,3.86700000,3.88500000,36884.01000000,1744343999999,143103.26995000,2359,16800.39000000,65201.90539000,0
1744344000000,3.88400000,3.89700000,3.86000000,3.86200000,17080.46000000,1744347599999,66191.47701000,818,8791.66000000,34083.20389000,0
1744347600000,3.86400000,3.87000000,3.84600000,3.86800000,14534.07000000,1744351199999,56073.23478000,692,7143.20000000,27569.36329000,0
1744351200000,3.86800000,3.89900000,3.86800000,3.87500000,22856.48000000,1744354799999,88791.89404000,974,10955.30000000,42583.06525000,0
1744354800000,3.87400000,3.89500000,3.85700000,3.86300000,11536.28000000,1744358399999,44669.42568000,603,6115.75000000,23677.79940000,0
1744358400000,3.86400000,3.91500000,3.83800000,3.87400000,40842.63000000,1744361999999,158416.36412000,1519,19320.22000000,74938.51844000,0
1744362000000,3.87300000,3.91400000,3.86300000,3.90600000,24405.83000000,1744365599999,94759.32288000,1030,16958.84000000,65820.76839000,0
1744365600000,3.90600000,3.95800000,3.89300000,3.94100000,27401.85000000,1744369199999,107676.83376000,1256,12944.41000000,50866.06020000,0
1744369200000,3.93900000,3.99400000,3.92900000,3.94400000,29758.93000000,1744372799999,117856.86699000,1189,12756.63000000,50556.08636000,0
1744372800000,3.94300000,3.98400000,3.91200000,3.93900000,35395.51000000,1744376399999,139359.35841000,1497,17278.76000000,68061.75450000,0
1744376400000,3.93700000,3.97600000,3.89700000,3.95000000,51145.23000000,1744379999999,201297.98762000,2646,26781.37000000,105477.40659000,0
1744380000000,3.94900000,3.94900000,3.87000000,3.89600000,48809.60000000,1744383599999,191091.95278000,2291,23826.30000000,93375.56448000,0
1744383600000,3.89600000,3.93700000,3.88500000,3.93000000,22162.51000000,1744387199999,86698.72345000,1081,12494.50000000,48865.12746000,0
1744387200000,3.93000000,3.94400000,3.90000000,3.93900000,21463.66000000,1744390799999,84124.44280000,952,10051.96000000,39427.99798000,0
1744390800000,3.93900000,3.98700000,3.93900000,3.97700000,26079.15000000,1744394399999,103183.61936000,1009,13084.45000000,51835.29164000,0
1744394400000,3.97800000,3.99700000,3.94500000,3.94800000,15291.70000000,1744397999999,60719.35354000,760,6778.46000000,26919.48157000,0
1744398000000,3.94800000,3.95500000,3.91300000,3.92800000,24879.90000000,1744401599999,97827.15731000,831,13476.56000000,52981.90161000,0
1744401600000,3.92800000,3.99800000,3.91800000,3.96100000,20915.68000000,1744405199999,82873.34759000,851,13477.44000000,53427.73323000,0
1744405200000,3.96000000,3.99000000,3.94400000,3.96300000,10738.88000000,1744408799999,42600.82493000,706,6917.80000000,27435.93264000,0
1744408800000,3.96600000,3.97500000,3.94700000,3.94900000,8681.64000000,1744412399999,34363.03612000,526,3324.29000000,13161.33130000,0
1744412400000,3.94800000,3.95100000,3.92500000,3.93600000,8044.05000000,1744415999999,31660.72295000,490,3122.92000000,12297.56393000,0
1744416000000,3.93500000,3.93500000,3.89500000,3.91500000,24895.45000000,1744419599999,97320.97084000,1301,6685.32000000,26151.56769000,0
1744419600000,3.91600000,3.91900000,3.88400000,3.89000000,9086.66000000,1744423199999,35398.33849000,553,3596.68000000,14014.20419000,0
1744423200000,3.89000000,3.91900000,3.88200000,3.89200000,11214.43000000,1744426799999,43756.54987000,668,6625.23000000,25865.65274000,0
1744426800000,3.89000000,3.89400000,3.83800000,3.85600000,18802.80000000,1744430399999,72616.91923000,883,8115.43000000,31323.14980000,0
1744430400000,3.85500000,3.89300000,3.83900000,3.89300000,15117.85000000,1744433999999,58443.20701000,1021,10132.75000000,39179.01948000,0
1744434000000,3.89400000,3.91100000,3.87900000,3.89000000,8547.53000000,1744437599999,33308.56759000,564,4221.91000000,16456.65365000,0
1744437600000,3.89100000,3.92300000,3.89000000,3.90900000,14623.13000000,1744441199999,57213.90945000,766,7530.37000000,29472.57403000,0
1744441200000,3.91000000,3.95100000,3.90300000,3.94400000,24235.46000000,1744444799999,95264.84175000,1002,13779.37000000,54137.44564000,0
1744444800000,3.94400000,4.00100000,3.94200000,3.98100000,25848.01000000,1744448399999,102735.01665000,1756,11914.68000000,47373.50827000,0
1744448400000,3.98100000,3.98400000,3.94900000,3.96400000,15247.33000000,1744451999999,60492.95658000,969,8221.82000000,32634.64464000,0
1744452000000,3.96300000,3.96800000,3.91800000,3.93800000,37224.56000000,1744455599999,146598.14384000,1771,20244.73000000,79710.68074000,0
1744455600000,3.93800000,3.96200000,3.91700000,3.91700000,20955.53000000,1744459199999,82563.19790000,1155,8063.09000000,31793.26827000,0
1744459200000,3.91700000,3.93500000,3.87700000,3.91100000,35314.35000000,1744462799999,137844.11173000,1956,17229.90000000,67289.79717000,0
1744462800000,3.91100000,4.02400000,3.90300000,4.01600000,65018.84000000,1744466399999,258002.68239000,2644,29753.26000000,117807.91028000,0
1744466400000,4.01500000,4.09900000,3.99000000,4.06800000,60260.29000000,1744469999999,243952.58009000,3218,34946.58000000,141431.88733000,0
1744470000000,4.06800000,4.13900000,4.05500000,4.09500000,47849.38000000,1744473599999,196220.08817000,2254,19138.13000000,78374.43061000,0
1744473600000,4.09400000,4.11900000,4.07100000,4.08900000,27412.33000000,1744477199999,112169.96882000,1395,11617.18000000,47559.37324000,0
1744477200000,4.08900000,4.10800000,4.05600000,4.08300000,20797.25000000,1744480799999,84933.82726000,1215,9784.87000000,39963.93206000,0
1744480800000,4.08000000,4.12400000,4.07800000,4.12000000,11856.20000000,1744484399999,48562.48681000,758,6583.61000000,26986.13828000,0
1744484400000,4.12400000,4.15200000,4.09700000,4.10200000,18624.53000000,1744487999999,76832.48482000,1181,8672.09000000,35753.76841000,0
1744488000000,4.10000000,4.12600000,4.08100000,4.11900000,11934.31000000,1744491599999,48973.14748000,882,7066.67000000,28981.19082000,0
1744491600000,4.11700000,4.14400000,4.09900000,4.10900000,17328.66000000,1744495199999,71374.48545000,620,9194.37000000,37832.42477000,0
1744495200000,4.11000000,4.14700000,4.10900000,4.11500000,7932.38000000,1744498799999,32719.26150000,358,5116.47000000,21095.59454000,0
1744498800000,4.11600000,4.12200000,4.09400000,4.10500000,15132.24000000,1744502399999,62117.85240000,859,7872.71000000,32324.23326000,0
1744502400000,4.10400000,4.11700000,4.06900000,4.10500000,7972.87000000,1744505999999,32662.00374000,371,2879.85000000,11804.36260000,0
1744506000000,4.10300000,4.10600000,4.03200000,4.04000000,10390.10000000,1744509599999,42307.02561000,523,4914.22000000,20028.74303000,0
1744509600000,4.03900000,4.06500000,4.03500000,4.03700000,26995.78000000,1744513199999,109181.77749000,741,14319.36000000,57920.34351000,0
1744513200000,4.04100000,4.04900000,4.02400000,4.03800000,8059.64000000,1744516799999,32559.31729000,357,3013.16000000,12173.63604000,0
1744516800000,4.03700000,4.03700000,3.97200000,3.97800000,17552.82000000,1744520399999,70264.76304000,572,6021.71000000,24132.35083000,0
1744520400000,3.97800000,4.00800000,3.96900000,3.99000000,8544.85000000,1744523999999,34109.69539000,359,5011.76000000,20005.19179000,0
1744524000000,3.99100000,4.04200000,3.98800000,4.02900000,12696.18000000,1744527599999,50998.77543000,602,9849.82000000,39577.55393000,0
1744527600000,4.02800000,4.04200000,4.02300000,4.03500000,9181.13000000,1744531199999,37035.95900000,352,4610.02000000,18596.43394000,0
1744531200000,4.03200000,4.05000000,4.01100000,4.03900000,11141.49000000,1744534799999,44893.40204000,397,6248.48000000,25201.96790000,0
1744534800000,4.03900000,4.10800000,4.03100000,4.10800000,14521.62000000,1744538399999,59151.93676000,718,9677.63000000,39399.08018000,0
1744538400000,4.10900000,4.10900000,4.05200000,4.05600000,16615.91000000,1744541999999,67684.94419000,630,7172.75000000,29184.40479000,0
1744542000000,4.05800000,4.05800000,3.99600000,4.00800000,25130.76000000,1744545599999,100860.97753000,805,11746.17000000,47107.74394000,0
1744545600000,4.00800000,4.02300000,3.97900000,4.00000000,20857.58000000,1744549199999,83362.32098000,732,9864.33000000,39413.20303000,0
1744549200000,4.00200000,4.01200000,3.90800000,3.91900000,24735.92000000,1744552799999,98059.96748000,935,15227.41000000,60424.27281000,0
1744552800000,3.91700000,3.95600000,3.89400000,3.95300000,26757.10000000,1744556399999,105010.78237000,732,12467.20000000,48957.79722000,0
1744556400000,3.95100000,3.95800000,3.93300000,3.93600000,18426.86000000,1744559999999,72685.16896000,420,5229.29000000,20639.78579000,0
1744560000000,3.93500000,3.99300000,3.93400000,3.99000000,22579.57000000,1744563599999,89460.49080000,712,11314.45000000,44827.87120000,0
1744563600000,3.98700000,4.06700000,3.98000000,4.04800000,20557.96000000,1744567199999,82921.33277000,784,12477.52000000,50358.66282000,0
1744567200000,4.04800000,4.08100000,4.03100000,4.03100000,23007.90000000,1744570799999,93202.02792000,893,13337.75000000,54074.80875000,0
1744570800000,4.03200000,4.03200000,3.86200000,3.92100000,38532.72000000,1744574399999,151118.02644000,2642,19223.04000000,75320.08502000,0
1744574400000,3.92000000,3.97000000,3.90900000,3.92000000,16776.03000000,1744577999999,66027.20096000,1197,6811.54000000,26826.39569000,0
1744578000000,3.92200000,3.93800000,3.83700000,3.88800000,20622.58000000,1744581599999,80242.95343000,1269,10183.10000000,39626.02644000,0
1744581600000,3.89000000,3.90500000,3.82400000,3.82500000,12936.59000000,1744585199999,49923.47411000,677,6142.73000000,23698.66224000,0
1744585200000,3.82600000,3.86700000,3.81600000,3.85600000,14886.20000000,1744588799999,57180.73274000,593,5961.56000000,22891.05788000,0
1744588800000,3.86000000,3.94300000,3.82900000,3.87200000,16430.79000000,1744592399999,63800.03568000,663,6100.21000000,23652.60805000,0
1744592400000,3.87800000,3.90900000,3.87300000,3.88600000,9063.47000000,1744595999999,35290.67146000,404,5709.23000000,22239.46187000,0
1744596000000,3.88800000,4.01300000,3.88300000,3.94900000,17937.86000000,1744599599999,71145.76086000,762,10078.47000000,39998.23201000,0
1744599600000,3.95000000,3.95200000,3.88400000,3.88900000,11091.34000000,1744603199999,43577.20729000,886,6259.71000000,24606.08231000,0
1744603200000,3.89400000,3.93900000,3.89000000,3.92800000,8053.12000000,1744606799999,31532.79393000,306,2796.00000000,10935.33991000,0
1744606800000,3.93000000,3.93300000,3.87300000,3.87800000,5982.85000000,1744610399999,23309.22412000,239,2762.88000000,10759.78505000,0
1744610400000,3.88000000,3.88800000,3.86000000,3.86600000,4937.26000000,1744613999999,19128.40627000,231,3369.71000000,13057.37618000,0
1744614000000,3.86700000,3.91200000,3.83100000,3.88600000,15469.89000000,1744617599999,59841.75333000,563,7316.40000000,28374.84749000,0
1744617600000,3.89100000,3.91400000,3.87900000,3.89700000,8595.45000000,1744621199999,33500.77088000,366,3408.77000000,13284.67141000,0
1744621200000,3.89800000,3.92500000,3.88000000,3.89600000,11103.84000000,1744624799999,43336.73921000,446,4919.38000000,19214.52511000,0
1744624800000,3.90000000,3.98700000,3.90000000,3.97600000,12266.18000000,1744628399999,48340.86760000,658,8419.98000000,33146.01996000,0
1744628400000,3.97700000,3.99900000,3.95500000,3.97400000,18147.32000000,1744631999999,72182.22232000,887,7799.31000000,31023.15321000,0
1744632000000,3.97300000,4.00400000,3.96400000,3.98200000,17570.61000000,1744635599999,70011.70160000,693,9894.43000000,39462.62600000,0
1744635600000,3.98500000,3.99500000,3.90300000,3.93500000,28250.22000000,1744639199999,111864.22530000,1051,10317.73000000,40793.75507000,0
1744639200000,3.93400000,4.03300000,3.93400000,4.02500000,33152.14000000,1744642799999,132037.74799000,1385,12424.18000000,49492.00949000,0
1744642800000,4.02700000,4.02900000,3.87700000,3.88800000,33645.19000000,1744646399999,132620.61385000,1722,15371.61000000,60549.92261000,0
1744646400000,3.88900000,3.93300000,3.86500000,3.90000000,15328.67000000,1744649999999,59723.67849000,712,6916.61000000,26964.56306000,0
1744650000000,3.89800000,3.95800000,3.89800000,3.95400000,13546.93000000,1744653599999,53229.21148000,832,7718.12000000,30323.23747000,0
1744653600000,3.95200000,3.96100000,3.93600000,3.94900000,6795.45000000,1744657199999,26860.11837000,442,3330.66000000,13166.21361000,0
1744657200000,3.95000000,3.96600000,3.93100000,3.94200000,5929.95000000,1744660799999,23426.41859000,378,2141.09000000,8458.47785000,0
1744660800000,3.94300000,3.96100000,3.93100000,3.94600000,3821.51000000,1744664399999,15071.27700000,349,2091.93000000,8250.12817000,0
1744664400000,3.94400000,3.96600000,3.89900000,3.93100000,19320.76000000,1744667999999,75867.28822000,917,7572.07000000,29816.68826000,0
1744668000000,3.93400000,3.93700000,3.90400000,3.92100000,6883.66000000,1744671599999,26983.74587000,355,3812.67000000,14940.72911000,0
1744671600000,3.92200000,3.93100000,3.90400000,3.91300000,4347.06000000,1744675199999,17031.96628000,334,1979.70000000,7755.17301000,0
1744675200000,3.91500000,3.94200000,3.88500000,3.90500000,18361.56000000,1744678799999,71887.91233000,777,7684.10000000,30115.94842000,0
1744678800000,3.90300000,3.91900000,3.86000000,3.90800000,10837.54000000,1744682399999,42031.87920000,749,5817.84000000,22556.92873000,0
1744682400000,3.90700000,3.91700000,3.86300000,3.90500000,11399.32000000,1744685999999,44425.92140000,709,2937.17000000,11425.56634000,0
1744686000000,3.90700000,3.94100000,3.89900000,3.93900000,11356.87000000,1744689599999,44529.61185000,590,7472.65000000,29296.88037000,0
1744689600000,3.93900000,3.95200000,3.89900000,3.93400000,6990.12000000,1744693199999,27449.27999000,474,2778.68000000,10905.86172000,0
1744693200000,3.93500000,3.94400000,3.90200000,3.91100000,12750.08000000,1744696799999,50019.37606000,551,4695.51000000,18426.55710000,0
1744696800000,3.91100000,3.92800000,3.90300000,3.90700000,6765.80000000,1744700399999,26484.32080000,360,3312.19000000,12970.20383000,0
1744700400000,3.90700000,3.98600000,3.90600000,3.97100000,23573.46000000,1744703999999,93295.54724000,915,14292.05000000,56564.17095000,0
1744704000000,3.97100000,3.98300000,3.96500000,3.97100000,6064.97000000,1744707599999,24106.23377000,440,2782.20000000,11058.89494000,0
1744707600000,3.96900000,4.01100000,3.94800000,3.98900000,26388.58000000,1744711199999,104809.70715000,1082,11658.12000000,46273.05623000,0
1744711200000,3.99000000,3.99300000,3.91400000,3.93400000,10388.27000000,1744714799999,40865.68555000,485,3629.19000000,14295.58696000,0
1744714800000,3.93400000,3.93600000,3.89700000,3.92100000,21645.85000000,1744718399999,84775.15369000,787,9784.09000000,38290.60601000,0
1744718400000,3.92100000,3.93400000,3.89100000,3.91900000,6035.00000000,1744721999999,23607.88599000,401,2919.75000000,11420.99309000,0
1744722000000,3.91800000,3.96300000,3.90000000,3.91400000,18432.31000000,1744725599999,72292.36535000,1325,10022.06000000,39323.30873000,0
1744725600000,3.91300000,3.93200000,3.85000000,3.89800000,27588.98000000,1744729199999,107343.18756000,1320,12608.55000000,49064.27532000,0
1744729200000,3.89800000,3.91900000,3.88300000,3.91500000,9593.46000000,1744732799999,37423.40463000,706,4826.75000000,18834.28696000,0
1744732800000,3.91600000,3.92200000,3.89200000,3.89200000,11557.81000000,1744736399999,45142.67969000,549,3185.57000000,12450.72512000,0
1744736400000,3.89000000,3.90000000,3.83000000,3.83600000,11883.11000000,1744739999999,45912.40423000,527,5534.74000000,21350.36176000,0
1744740000000,3.84300000,3.84600000,3.80700000,3.82400000,8623.39000000,1744743599999,32992.89750000,427,4315.52000000,16504.91298000,0
1744743600000,3.82300000,3.82800000,3.79900000,3.80300000,7954.17000000,1744747199999,30319.06648000,405,3576.33000000,13633.11765000,0
1744747200000,3.80200000,3.83700000,3.78200000,3.81000000,11500.18000000,1744750799999,43848.09873000,416,4712.73000000,17953.04358000,0
1744750800000,3.81100000,3.86000000,3.79700000,3.84000000,13955.13000000,1744754399999,53360.11385000,533,6979.71000000,26656.50584000,0
1744754400000,3.83700000,3.83700000,3.78400000,3.80200000,8043.24000000,1744757999999,30669.48947000,398,4374.53000000,16690.61206000,0
1744758000000,3.80100000,3.81900000,3.79700000,3.80500000,3875.55000000,1744761599999,14743.54670000,288,1942.00000000,7388.89312000,0
1744761600000,3.80400000,3.81100000,3.75900000,3.76900000,16540.03000000,1744765199999,62511.03645000,482,10844.11000000,40975.54314000,0
1744765200000,3.76900000,3.83300000,3.76600000,3.82800000,6890.01000000,1744768799999,26254.78844000,358,3771.65000000,14385.25130000,0
1744768800000,3.82700000,3.85000000,3.81900000,3.83200000,7159.09000000,1744772399999,27448.91889000,337,4032.42000000,15461.43305000,0
1744772400000,3.83300000,3.84900000,3.82600000,3.83300000,2254.86000000,1744775999999,8648.28806000,210,1202.75000000,4614.00379000,0
1744776000000,3.83300000,3.83700000,3.79000000,3.82300000,5716.04000000,1744779599999,21757.41431000,352,3129.59000000,11909.52745000,0
1744779600000,3.82500000,3.84900000,3.77900000,3.80900000,11127.96000000,1744783199999,42356.51990000,507,6345.85000000,24131.83671000,0
1744783200000,3.80700000,3.84300000,3.80200000,3.83700000,5427.23000000,1744786799999,20764.06398000,329,2713.71000000,10386.31616000,0
1744786800000,3.83700000,3.84400000,3.78100000,3.78800000,7970.73000000,1744790399999,30306.30950000,521,4396.40000000,16721.21768000,0
1744790400000,3.78800000,3.83300000,3.73800000,3.79600000,19470.79000000,1744793999999,73493.24654000,855,10409.91000000,39295.18815000,0
1744794000000,3.79700000,3.80200000,3.75400000,3.76200000,6670.83000000,1744797599999,25261.22435000,400,2754.49000000,10436.91228000,0
1744797600000,3.76200000,3.80800000,3.75800000,3.80100000,5957.77000000,1744801199999,22527.20420000,364,2835.76000000,10727.14886000,0
1744801200000,3.80100000,3.82800000,3.78600000,3.81100000,6668.33000000,1744804799999,25384.89267000,484,3305.43000000,12586.62191000,0
1744804800000,3.81000000,3.81400000,3.75100000,3.76600000,7174.63000000,1744808399999,27168.34546000,455,3095.78000000,11724.71453000,0
1744808400000,3.76800000,3.78300000,3.74200000,3.75000000,10021.62000000,1744811999999,37698.32366000,566,4444.67000000,16728.74233000,0
1744812000000,3.74700000,3.82200000,3.74600000,3.80600000,11681.32000000,1744815599999,44247.74472000,651,6157.30000000,23329.82113000,0
1744815600000,3.80700000,3.84700000,3.78700000,3.79000000,13850.84000000,1744819199999,52934.05435000,736,7403.61000000,28310.35768000,0
1744819200000,3.79200000,3.80700000,3.74200000,3.78200000,17660.19000000,1744822799999,66690.81032000,701,9584.76000000,36196.69371000,0
1744822800000,3.78200000,3.83800000,3.67300000,3.68700000,33147.57000000,1744826399999,124710.33080000,1213,13403.98000000,50470.17757000,0
1744826400000,3.69000000,3.80600000,3.68100000,3.77100000,24205.57000000,1744829999999,90595.57644000,854,12709.94000000,47526.83834000,0
1744830000000,3.77300000,3.83800000,3.74300000,3.82200000,10970.04000000,1744833599999,41631.17746000,502,5316.29000000,20175.31356000,0
1744833600000,3.82000000,3.84000000,3.77400000,3.78100000,7360.04000000,1744837199999,28063.27602000,468,3365.56000000,12845.06684000,0
1744837200000,3.78100000,3.81300000,3.77200000,3.80000000,6542.30000000,1744840799999,24799.22097000,305,3090.40000000,11714.93176000,0
1744840800000,3.80000000,3.82200000,3.78800000,3.80600000,5472.88000000,1744844399999,20839.11804000,326,2775.77000000,10577.06747000,0
1744844400000,3.80600000,3.81000000,3.78600000,3.80800000,7361.40000000,1744847999999,27953.55322000,307,3578.97000000,13598.27181000,0
1744848000000,3.80800000,3.82900000,3.79500000,3.82500000,4257.39000000,1744851599999,16231.95600000,267,2432.59000000,9276.56206000,0
1744851600000,3.82400000,3.85500000,3.81200000,3.84600000,16356.86000000,1744855199999,62852.82295000,365,5796.18000000,22229.79692000,0
1744855200000,3.84600000,3.90500000,3.75000000,3.78300000,77053.01000000,1744858799999,294865.38786000,2170,23704.26000000,90786.46090000,0
1744858800000,3.78600000,3.80300000,3.76500000,3.78400000,5131.09000000,1744862399999,19414.85627000,405,3171.49000000,11996.59945000,0
1744862400000,3.78200000,3.81100000,3.74700000,3.80900000,6319.44000000,1744865999999,23890.38765000,456,3039.98000000,11481.97169000,0
1744866000000,3.81100000,3.85100000,3.81000000,3.83600000,9117.30000000,1744869599999,34934.62225000,382,6099.45000000,23371.31745000,0
1744869600000,3.83700000,3.90500000,3.83500000,3.89200000,24291.69000000,1744873199999,93994.24095000,857,15686.48000000,60657.93050000,0
1744873200000,3.89300000,3.90900000,3.87700000,3.89100000,7041.48000000,1744876799999,27392.37849000,478,3411.43000000,13273.91470000,0
1744876800000,3.89400000,3.90500000,3.85400000,3.85800000,18740.24000000,1744880399999,72646.41215000,869,6951.53000000,26951.21450000,0
1744880400000,3.85800000,3.86000000,3.82800000,3.82900000,10610.75000000,1744883999999,40756.10976000,953,6341.64000000,24365.06430000,0
1744884000000,3.83300000,3.83300000,3.78300000,3.79800000,14360.35000000,1744887599999,54560.17898000,1081,7605.70000000,28905.87789000,0
1744887600000,3.79800000,3.80900000,3.77100000,3.78700000,7645.61000000,1744891199999,28983.61252000,600,4160.72000000,15773.55288000,0
1744891200000,3.78700000,3.82600000,3.78600000,3.80600000,15933.25000000,1744894799999,60587.65172000,1329,10607.27000000,40331.11346000,0
1744894800000,3.80700000,3.80900000,3.76700000,3.78300000,14696.69000000,1744898399999,55617.71268000,1150,9222.67000000,34912.50855000,0
1744898400000,3.78300000,3.79200000,3.72400000,3.74900000,15269.16000000,1744901999999,57253.39799000,1079,7913.40000000,29668.92138000,0
1744902000000,3.75000000,3.79400000,3.74600000,3.78500000,17934.50000000,1744905599999,67598.50413000,780,6675.57000000,25176.98681000,0
1744905600000,3.78400000,3.84000000,3.75700000,3.82200000,49650.66000000,1744909199999,187711.83104000,1605,39501.87000000,149164.64661000,0
1744909200000,3.82300000,3.85600000,3.81500000,3.83900000,10009.06000000,1744912799999,38428.56760000,581,6213.86000000,23847.48145000,0
1744912800000,3.84100000,3.87500000,3.83700000,3.84400000,18669.55000000,1744916399999,72026.85434000,653,9631.83000000,37146.51649000,0
1744916400000,3.84300000,3.85300000,3.79500000,3.81800000,20845.59000000,1744919999999,79698.04301000,704,9470.92000000,36261.25861000,0
1744920000000,3.81900000,3.85900000,3.81900000,3.85100000,9723.48000000,1744923599999,37356.67048000,501,6281.59000000,24122.54562000,0
1744923600000,3.85100000,3.86300000,3.83100000,3.84700000,6930.91000000,1744927199999,26648.32705000,514,3785.22000000,14556.26219000,0
1744927200000,3.84500000,3.85700000,3.81200000,3.81400000,6165.89000000,1744930799999,23682.13126000,434,1761.08000000,6762.84862000,0
1744930800000,3.81900000,3.84900000,3.81600000,3.83900000,4952.20000000,1744934399999,18999.26838000,325,3047.42000000,11694.81081000,0
1744934400000,3.84200000,3.85600000,3.81300000,3.81800000,12008.28000000,1744937999999,46108.16004000,436,8059.18000000,30966.22770000,0
1744938000000,3.81900000,3.86800000,3.81100000,3.85300000,7108.45000000,1744941599999,27378.60210000,405,4055.56000000,15617.67733000,0
1744941600000,3.85600000,3.88900000,3.85100000,3.88100000,8318.94000000,1744945199999,32234.30818000,498,4391.87000000,17015.33058000,0
1744945200000,3.88400000,3.88600000,3.82000000,3.86600000,20112.52000000,1744948799999,77514.36425000,698,5598.95000000,21586.89530000,0
1744948800000,3.86600000,3.87900000,3.83700000,3.87300000,5957.82000000,1744952399999,22985.25591000,358,3343.42000000,12896.99743000,0
1744952400000,3.87300000,3.88800000,3.85600000,3.88800000,5461.96000000,1744955999999,21120.97091000,328,2744.29000000,10614.99501000,0
1744956000000,3.88900000,3.89800000,3.87300000,3.89400000,8846.63000000,1744959599999,34396.76353000,377,5277.28000000,20521.50058000,0
1744959600000,3.89500000,3.92900000,3.88200000,3.92900000,8337.62000000,1744963199999,32577.38080000,433,4658.40000000,18198.43646000,0
1744963200000,3.93100000,3.96000000,3.92800000,3.93600000,12354.25000000,1744966799999,48731.27278000,657,6275.91000000,24758.16090000,0
1744966800000,3.93300000,3.94700000,3.91100000,3.91600000,6550.29000000,1744970399999,25731.17318000,428,3248.85000000,12768.09157000,0
1744970400000,3.91700000,3.92000000,3.89300000,3.89800000,6799.98000000,1744973999999,26582.70953000,265,3281.61000000,12831.23087000,0
1744974000000,3.90000000,3.92200000,3.89600000,3.92000000,5807.74000000,1744977599999,22712.85889000,278,3874.27000000,15152.98178000,0
1744977600000,3.92000000,3.93700000,3.91400000,3.92400000,11713.94000000,1744981199999,45982.51777000,851,5339.03000000,20959.08682000,0
1744981200000,3.92500000,3.92600000,3.90100000,3.91800000,8522.35000000,1744984799999,33364.36027000,252,3734.84000000,14621.62291000,0
1744984800000,3.91700000,3.92400000,3.88800000,3.91000000,9890.57000000,1744988399999,38597.55428000,296,6157.62000000,24033.66184000,0
1744988400000,3.91200000,3.91500000,3.87300000,3.89600000,17360.68000000,1744991999999,67547.50283000,439,5826.29000000,22652.00221000,0
1744992000000,3.89500000,3.91500000,3.89300000,3.91400000,5063.84000000,1744995599999,19762.17596000,191,2562.93000000,10004.62034000,0
1744995600000,3.91500000,3.92700000,3.91200000,3.91900000,4096.04000000,1744999199999,16053.61061000,141,1584.18000000,6208.35977000,0
1744999200000,3.91900000,3.92200000,3.90700000,3.91400000,8999.74000000,1745002799999,35225.62067000,507,4696.10000000,18383.75065000,0
1745002800000,3.91500000,3.92700000,3.89500000,3.90300000,6414.55000000,1745006399999,25102.18914000,324,3130.02000000,12254.90619000,0
1745006400000,3.90400000,3.91200000,3.89600000,3.90500000,4275.44000000,1745009999999,16694.99210000,223,2719.50000000,10622.87780000,0
1745010000000,3.90500000,3.91700000,3.89900000,3.91100000,2534.50000000,1745013599999,9908.23381000,116,1377.17000000,5383.96467000,0
1745013600000,3.91100000,3.91100000,3.88400000,3.88800000,9876.38000000,1745017199999,38479.95804000,300,2906.40000000,11334.55102000,0
1745017200000,3.88700000,3.90900000,3.88100000,3.90800000,5674.04000000,1745020799999,22090.43366000,358,3860.85000000,15034.87164000,0
1745020800000,3.90300000,3.93600000,3.89700000,3.93200000,6348.73000000,1745024399999,24900.72175000,319,2691.12000000,10549.33043000,0
1745024400000,3.93500000,3.96800000,3.93200000,3.96700000,4870.07000000,1745027999999,19250.84399000,216,2446.07000000,9665.71252000,0
1745028000000,3.96900000,4.03600000,3.96600000,4.01400000,15773.13000000,1745031599999,63023.59062000,474,9763.45000000,39045.52619000,0
1745031600000,4.01500000,4.02100000,3.99500000,3.99900000,4762.62000000,1745035199999,19090.45884000,202,2283.57000000,9154.97143000,0
1745035200000,3.99800000,4.02000000,3.99500000,3.99800000,8349.58000000,1745038799999,33458.02252000,361,4656.45000000,18657.66329000,0
1745038800000,4.00200000,4.00500000,3.97700000,3.98800000,6293.47000000,1745042399999,25099.75212000,229,2794.75000000,11149.17016000,0
1745042400000,3.98800000,4.06100000,3.97300000,4.04800000,20886.03000000,1745045999999,83896.40981000,757,14035.00000000,56317.16936000,0
1745046000000,4.03800000,4.06700000,4.03100000,4.04700000,11586.10000000,1745049599999,46930.23804000,365,6136.32000000,24860.74619000,0
1745049600000,4.04700000,4.06300000,3.99700000,4.00500000,23072.52000000,1745053199999,92724.31127000,516,10972.85000000,44081.70111000,0
1745053200000,4.00700000,4.01000000,3.97900000,3.97900000,9234.54000000,1745056799999,36912.20214000,476,3662.97000000,14637.41507000,0
1745056800000,3.97800000,3.99200000,3.97400000,3.98900000,3953.53000000,1745060399999,15752.75229000,144,1808.97000000,7207.40409000,0
1745060400000,3.98800000,4.00400000,3.98500000,3.99100000,3390.16000000,1745063999999,13533.31198000,113,1623.10000000,6478.60952000,0
1745064000000,3.99300000,4.00100000,3.95800000,3.96100000,5078.69000000,1745067599999,20198.20338000,233,1975.79000000,7873.28767000,0
1745067600000,3.96000000,4.00600000,3.95500000,3.99900000,8910.26000000,1745071199999,35563.53865000,257,4842.49000000,19317.57206000,0
1745071200000,3.99400000,4.01600000,3.98500000,4.01100000,9521.36000000,1745074799999,38093.34697000,257,5143.18000000,20569.23405000,0
1745074800000,4.01200000,4.06700000,4.01100000,4.05300000,17817.08000000,1745078399999,71991.71588000,564,10569.48000000,42699.81376000,0
1745078400000,4.05300000,4.06500000,4.01200000,4.02300000,13504.65000000,1745081999999,54629.07331000,768,3632.78000000,14666.49443000,0
1745082000000,4.02600000,4.07400000,4.01300000,4.05500000,6328.85000000,1745085599999,25568.77299000,359,3632.99000000,14676.47901000,0
1745085600000,4.05600000,4.08900000,4.05600000,4.07800000,38243.82000000,1745089199999,155672.51661000,949,27451.75000000,111734.25966000,0
1745089200000,4.07400000,4.10500000,4.05300000,4.05600000,11270.88000000,1745092799999,45967.37398000,462,4090.50000000,16704.33176000,0
1745092800000,4.05500000,4.06000000,4.03400000,4.05600000,10398.06000000,1745096399999,42002.09380000,427,7550.58000000,30485.43029000,0
1745096400000,4.05800000,4.06000000,4.04100000,4.04500000,12122.78000000,1745099999999,49152.74055000,579,6513.99000000,26428.56741000,0
1745100000000,4.04500000,4.06000000,4.02700000,4.03900000,4957.80000000,1745103599999,20053.30842000,388,2720.46000000,11008.92507000,0
1745103600000,4.03700000,4.03900000,4.00500000,4.02400000,15577.42000000,1745107199999,62621.50588000,804,5706.78000000,22944.27269000,0
1745107200000,4.02600000,4.03300000,4.00300000,4.00600000,11971.32000000,1745110799999,48115.65054000,572,4284.85000000,17239.69718000,0
1745110800000,4.00500000,4.05500000,4.00500000,4.05500000,12140.14000000,1745114399999,49055.88307000,645,9624.19000000,38891.89859000,0
1745114400000,4.05500000,4.08800000,4.05300000,4.08200000,6146.36000000,1745117999999,25028.97571000,339,4163.44000000,16960.48721000,0
1745118000000,4.07400000,4.11300000,4.07100000,4.11300000,9833.23000000,1745121599999,40237.01116000,416,6029.86000000,24682.74034000,0
1745121600000,4.11400000,4.13800000,4.10400000,4.12300000,10619.52000000,1745125199999,43788.42124000,542,4288.85000000,17680.08956000,0
1745125200000,4.12300000,4.18200000,4.12200000,4.13000000,23295.52000000,1745128799999,96895.56649000,754,8669.44000000,36022.09978000,0
1745128800000,4.12800000,4.19300000,4.12000000,4.15600000,24823.84000000,1745132399999,103293.64153000,718,11727.56000000,48759.56169000,0
1745132400000,4.15600000,4.17000000,4.08500000,4.11200000,33442.50000000,1745135999999,137310.49426000,1270,12590.66000000,51681.82238000,0
1745136000000,4.11200000,4.11500000,4.06500000,4.07900000,12632.92000000,1745139599999,51642.71883000,541,7268.92000000,29716.12241000,0
1745139600000,4.07500000,4.10700000,4.07500000,4.09100000,8220.08000000,1745143199999,33637.09269000,392,4502.93000000,18431.19573000,0
1745143200000,4.08900000,4.09400000,4.02000000,4.04400000,18002.89000000,1745146799999,73124.29223000,574,8719.09000000,35405.48433000,0
1745146800000,4.04500000,4.07500000,4.02200000,4.05200000,9762.28000000,1745150399999,39492.73715000,415,4312.29000000,17443.49059000,0
1745150400000,4.05100000,4.08300000,4.04300000,4.05800000,12790.47000000,1745153999999,52001.93355000,355,6309.20000000,25639.82856000,0
1745154000000,4.05400000,4.08700000,4.03700000,4.07500000,6244.85000000,1745157599999,25349.95110000,244,3662.54000000,14860.53372000,0
1745157600000,4.07100000,4.11400000,4.06300000,4.10500000,13153.93000000,1745161199999,53784.42577000,421,7432.69000000,30399.07520000,0
1745161200000,4.10700000,4.13300000,4.07100000,4.13200000,16778.88000000,1745164799999,68846.91930000,541,9977.31000000,40931.01906000,0
1745164800000,4.12800000,4.18400000,4.12500000,4.16800000,21415.11000000,1745168399999,89054.75821000,718,11624.47000000,48327.34721000,0
1745168400000,4.16400000,4.18100000,4.15100000,4.15200000,6644.41000000,1745171999999,27689.17423000,282,2605.29000000,10854.69255000,0
1745172000000,4.14800000,4.15900000,4.14000000,4.15400000,6730.52000000,1745175599999,27923.97727000,260,3905.48000000,16203.20903000,0
1745175600000,4.15500000,4.17100000,4.15400000,4.16800000,6302.73000000,1745179199999,26222.95551000,246,3279.56000000,13647.54852000,0
1745179200000,4.16600000,4.19700000,4.15800000,4.16500000,12826.42000000,1745182799999,53569.57362000,458,7661.08000000,31993.74993000,0
1745182800000,4.16500000,4.20600000,4.15800000,4.18800000,6010.57000000,1745186399999,25095.24288000,324,3249.88000000,13578.12909000,0
1745186400000,4.19000000,4.19400000,4.14700000,4.16100000,7101.56000000,1745189999999,29577.07627000,200,3447.41000000,14359.67508000,0
1745190000000,4.16700000,4.17800000,4.15900000,4.16500000,3438.34000000,1745193599999,14334.14939000,191,1836.88000000,7656.96836000,0
1745193600000,4.16500000,4.23700000,4.14900000,4.21900000,21263.78000000,1745197199999,89302.10777000,953,13250.86000000,55685.83005000,0
1745197200000,4.21900000,4.32500000,4.20900000,4.28400000,29175.54000000,1745200799999,124154.72974000,1203,16393.76000000,69759.63976000,0
1745200800000,4.28300000,4.31900000,4.19800000,4.20300000,29054.54000000,1745204399999,123252.45674000,1038,12159.11000000,51602.29540000,0
1745204400000,4.20600000,4.21100000,4.16700000,4.18500000,16103.80000000,1745207999999,67481.33295000,559,6768.32000000,28368.38500000,0
1745208000000,4.18300000,4.27600000,4.15800000,4.22100000,21768.06000000,1745211599999,91717.50965000,934,15369.27000000,64812.03661000,0
1745211600000,4.22100000,4.26600000,4.21800000,4.26000000,13769.64000000,1745215199999,58424.57016000,588,6576.85000000,27924.20747000,0
1745215200000,4.25900000,4.32000000,4.25700000,4.27600000,16856.12000000,1745218799999,72140.31010000,705,8668.69000000,37129.04245000,0
1745218800000,4.27800000,4.29700000,4.25200000,4.28100000,10734.43000000,1745222399999,45930.65376000,386,4727.33000000,20219.81316000,0
1745222400000,4.28100000,4.31300000,4.27500000,4.28900000,10173.69000000,1745225999999,43692.90806000,613,5991.92000000,25735.06554000,0
1745226000000,4.28900000,4.29600000,4.21200000,4.23300000,27519.43000000,1745229599999,116792.19437000,841,7977.32000000,33858.73125000,0
1745229600000,4.23400000,4.25300000,4.22700000,4.24500000,18455.47000000,1745233199999,78283.73686000,672,10056.55000000,42659.19006000,0
1745233200000,4.24400000,4.25000000,4.18500000,4.21700000,17131.97000000,1745236799999,72280.76279000,643,9921.40000000,41851.79735000,0
1745236800000,4.21700000,4.25900000,4.21400000,4.23200000,17273.56000000,1745240399999,73204.00507000,666,8860.60000000,37550.06338000,0
1745240400000,4.23300000,4.26700000,4.21000000,4.21200000,21649.16000000,1745243999999,91837.98880000,624,9276.69000000,39358.52241000,0
1745244000000,4.20900000,4.26900000,4.19700000,4.26600000,15097.12000000,1745247599999,63971.01648000,457,8066.24000000,34176.79521000,0
1745247600000,4.26600000,4.27200000,4.21600000,4.23300000,12024.83000000,1745251199999,51034.29272000,362,5362.99000000,22783.18417000,0
1745251200000,4.23700000,4.25900000,4.17100000,4.17100000,30970.22000000,1745254799999,130730.90691000,937,17000.31000000,71809.57524000,0
1745254800000,4.17300000,4.17400000,4.13700000,4.14800000,24112.18000000,1745258399999,100158.19672000,739,10196.86000000,42367.08532000,0
1745258400000,4.15000000,4.15200000,4.11500000,4.11500000,8217.06000000,1745261999999,33941.90541000,309,3590.13000000,14831.58618000,0
1745262000000,4.11100000,4.19200000,4.11000000,4.18200000,15288.67000000,1745265599999,63681.80187000,521,10834.95000000,45122.17273000,0
1745265600000,4.18100000,4.20400000,4.15700000,4.19700000,6916.09000000,1745269199999,28931.76935000,291,3228.73000000,13501.17352000,0
1745269200000,4.20000000,4.20000000,4.15500000,4.15600000,6325.94000000,1745272799999,26423.94699000,525,3572.05000000,14920.34617000,0
1745272800000,4.15800000,4.16200000,4.11800000,4.12300000,15914.99000000,1745276399999,65850.10273000,422,4913.62000000,20313.74643000,0
1745276400000,4.12300000,4.12400000,4.09400000,4.11500000,4425.84000000,1745279999999,18196.80808000,165,2725.62000000,11212.13188000,0
1745280000000,4.11600000,4.12400000,4.03400000,4.09400000,24818.80000000,1745283599999,101239.59388000,845,9388.79000000,38285.60204000,0
1745283600000,4.09000000,4.18500000,4.08500000,4.17800000,16334.53000000,1745287199999,67672.80138000,497,9683.85000000,40136.00960000,0
1745287200000,4.18000000,4.19900000,4.13900000,4.15000000,15444.79000000,1745290799999,64464.93862000,507,5962.33000000,24925.21203000,0
1745290800000,4.14900000,4.15900000,4.10700000,4.14900000,8661.17000000,1745294399999,35829.27872000,300,3819.65000000,15803.98753000,0
1745294400000,4.15000000,4.19900000,4.13300000,4.13400000,57510.40000000,1745297999999,239532.55749000,1915,28034.61000000,116895.36735000,0
1745298000000,4.13300000,4.14300000,4.11600000,4.13200000,7962.36000000,1745301599999,32886.83356000,248,3405.56000000,14067.58731000,0
1745301600000,4.12400000,4.14300000,4.05100000,4.07300000,24716.34000000,1745305199999,100969.15589000,736,8163.38000000,33315.17615000,0
1745305200000,4.07200000,4.16000000,4.06200000,4.15900000,17435.86000000,1745308799999,71741.73583000,536,11524.96000000,47423.63264000,0
1745308800000,4.15800000,4.17500000,4.14700000,4.16200000,12817.98000000,1745312399999,53380.25397000,395,6591.46000000,27446.97730000,0
1745312400000,4.15900000,4.18300000,4.14000000,4.16300000,10685.74000000,1745315999999,44468.26319000,462,6199.00000000,25797.03329000,0
1745316000000,4.16200000,4.20000000,4.15000000,4.19800000,15905.55000000,1745319599999,66421.63455000,375,8471.74000000,35365.03143000,0
1745319600000,4.19700000,4.26000000,4.19600000,4.23300000,23706.87000000,1745323199999,100252.20001000,698,11573.24000000,48927.25297000,0
1745323200000,4.23100000,4.25700000,4.22000000,4.24200000,9110.05000000,1745326799999,38614.94903000,272,4450.19000000,18866.30818000,0
1745326800000,4.24200000,4.31000000,4.23700000,4.30500000,28632.53000000,1745330399999,122163.03153000,747,15100.31000000,64386.99556000,0
1745330400000,4.31000000,4.34000000,4.27900000,4.33400000,29014.77000000,1745333999999,125030.95714000,892,15080.73000000,65033.41984000,0
1745334000000,4.34400000,5.78000000,4.34400000,5.41400000,1645152.16000000,1745337599999,8612056.36151000,80369,766461.51000000,4009592.27959000,0
1745337600000,5.42000000,5.99000000,5.22500000,5.52200000,868914.34000000,1745341199999,4904461.70022000,40464,415214.85000000,2345900.35394000,0
1745341200000,5.52700000,5.99700000,5.44000000,5.52700000,875584.79000000,1745344799999,4960194.00902000,41723,426084.77000000,2419407.90234000,0
1745344800000,5.51500000,5.67100000,5.31700000,5.51000000,362366.01000000,1745348399999,1983031.16758000,15359,182905.04000000,1000818.58229000,0
1745348400000,5.51000000,5.56600000,5.33700000,5.34400000,187598.41000000,1745351999999,1026219.29260000,9540,89072.86000000,487748.69063000,0
1745352000000,5.34500000,5.66200000,5.30900000,5.63600000,230621.61000000,1745355599999,1268782.87427000,12652,123975.24000000,681991.63630000,0
1745355600000,5.63700000,5.79800000,5.55000000,5.59100000,170674.80000000,1745359199999,963203.66160000,11464,86289.98000000,487248.21600000,0
1745359200000,5.59100000,5.71900000,5.44600000,5.45600000,150372.74000000,1745362799999,832555.23346000,6550,70548.70000000,391146.19309000,0
1745362800000,5.45800000,5.61400000,5.38200000,5.49200000,164703.68000000,1745366399999,901509.34342000,6833,88745.14000000,486373.81776000,0
1745366400000,5.48300000,5.54600000,5.33000000,5.46600000,215226.12000000,1745369999999,1167548.01839000,9802,107991.71000000,586011.90799000,0
1745370000000,5.46600000,5.69000000,5.36900000,5.49300000,209436.01000000,1745373599999,1154188.80317000,6761,101625.35000000,560767.72276000,0
1745373600000,5.49200000,5.68800000,5.48800000,5.62700000,164137.75000000,1745377199999,920912.18017000,6574,89412.71000000,501786.79659000,0
1745377200000,5.62300000,5.64000000,5.49700000,5.56400000,139771.17000000,1745380799999,776733.66338000,6162,74938.93000000,416546.44697000,0
1745380800000,5.56400000,5.63000000,5.43700000,5.60500000,174639.69000000,1745384399999,963809.83657000,7971,87560.33000000,483765.20303000,0
1745384400000,5.61100000,5.76500000,5.50600000,5.69600000,288506.17000000,1745387999999,1625846.00868000,11227,178249.15000000,1005554.62780000,0
1745388000000,5.69800000,6.34000000,5.54700000,5.82400000,532931.37000000,1745391599999,3155660.67553000,27353,252783.99000000,1495833.78300000,0
1745391600000,5.81600000,5.87600000,5.58900000,5.59400000,270024.25000000,1745395199999,1546371.38111000,9655,121836.05000000,698901.74747000,0
1745395200000,5.59500000,5.68200000,5.50500000,5.60100000,203918.89000000,1745398799999,1138808.96056000,6083,88543.99000000,494965.63756000,0
1745398800000,5.60000000,5.79900000,5.58500000,5.77600000,142467.52000000,1745402399999,813786.27797000,4726,63313.76000000,362029.04463000,0
1745402400000,5.77400000,5.79900000,5.57700000,5.62000000,151214.79000000,1745405999999,857628.07778000,6533,68787.69000000,390316.38235000,0
1745406000000,5.61900000,5.66100000,5.51300000,5.56300000,113437.26000000,1745409599999,633700.97967000,3860,53941.78000000,301540.67050000,0
1745409600000,5.56300000,5.66100000,5.54000000,5.61800000,90730.35000000,1745413199999,507336.28221000,4988,51381.11000000,287324.12774000,0
1745413200000,5.62000000,5.75000000,5.40000000,5.42500000,265888.97000000,1745416799999,1473480.37928000,13690,122556.85000000,681439.52667000,0
1745416800000,5.42600000,5.47000000,5.34700000,5.38500000,183156.59000000,1745420399999,989890.15423000,7549,82439.97000000,445839.67539000,0
1745420400000,5.38700000,5.42300000,5.21400000,5.23900000,209724.04000000,1745423999999,1107855.73289000,8348,96662.66000000,510758.39244000,0
1745424000000,5.24200000,5.28800000,5.04200000,5.14700000,185129.17000000,1745427599999,954067.07246000,8505,79646.87000000,410438.39392000,0
1745427600000,5.14700000,5.20300000,5.12400000,5.14600000,72125.37000000,1745431199999,372672.16798000,4048,39133.91000000,202240.54383000,0
1745431200000,5.14800000,5.20300000,5.13600000,5.14400000,55532.18000000,1745434799999,287403.36782000,2044,25318.05000000,130907.56200000,0
1745434800000,5.14300000,5.15300000,5.05200000,5.08400000,46073.25000000,1745438399999,234665.50726000,2342,30543.33000000,155404.67262000,0
1745438400000,5.08400000,5.14500000,5.08300000,5.13000000,14377.38000000,1745441999999,73640.06234000,1175,8862.75000000,45412.75487000,0
1745442000000,5.12700000,5.16600000,5.10800000,5.14100000,26898.15000000,1745445599999,138256.51036000,2354,15998.59000000,82212.68152000,0
1745445600000,5.14100000,5.16400000,5.11900000,5.15400000,19265.83000000,1745449199999,99112.28089000,1835,11426.28000000,58766.01425000,0
1745449200000,5.15300000,5.17500000,5.11400000,5.12700000,21526.86000000,1745452799999,110723.54221000,1388,10289.41000000,52896.27904000,0
1745452800000,5.12600000,5.15200000,5.07300000,5.11300000,29765.54000000,1745456399999,152422.96602000,2470,15231.13000000,78002.67619000,0
1745456400000,5.11000000,5.14900000,5.06900000,5.12300000,46581.80000000,1745459999999,238030.57641000,3075,27883.76000000,142494.73000000,0
1745460000000,5.12300000,5.14800000,5.05400000,5.05600000,31261.27000000,1745463599999,159638.34287000,2054,14037.96000000,71687.28867000,0
1745463600000,5.05900000,5.07600000,4.93200000,4.93800000,61816.94000000,1745467199999,308948.37680000,3416,30874.17000000,154320.41585000,0
1745467200000,4.93600000,4.97800000,4.91600000,4.95800000,28559.54000000,1745470799999,141346.55734000,3191,14857.51000000,73531.23214000,0
1745470800000,4.95700000,5.04500000,4.94600000,4.96100000,92134.18000000,1745474399999,459449.14270000,4450,52316.18000000,261154.61938000,0
1745474400000,4.96200000,4.97400000,4.92000000,4.93100000,29079.65000000,1745477999999,143860.07380000,1953,16273.43000000,80515.53487000,0
1745478000000,4.93100000,4.98200000,4.90200000,4.91400000,47389.77000000,1745481599999,233967.11583000,3208,34314.29000000,169392.08166000,0
1745481600000,4.91400000,4.95900000,4.85200000,4.88400000,76176.28000000,1745485199999,372841.75024000,5223,50514.36000000,247343.85917000,0
1745485200000,4.88400000,4.96100000,4.87900000,4.93300000,52153.27000000,1745488799999,256977.56272000,3073,38667.18000000,190537.21911000,0
1745488800000,4.93200000,4.99900000,4.91400000,4.98200000,63056.72000000,1745492399999,312604.04719000,2895,34507.49000000,170995.40811000,0
1745492400000,4.98100000,5.01700000,4.96000000,5.00700000,35819.63000000,1745495999999,178563.55133000,1977,22441.48000000,111877.99639000,0
1745496000000,5.00800000,5.03500000,4.98000000,5.00500000,39582.74000000,1745499599999,197996.03665000,1935,23661.71000000,118371.04909000,0
1745499600000,5.00700000,5.03000000,4.96800000,4.99100000,44078.10000000,1745503199999,220339.85554000,2069,24414.80000000,122075.93721000,0
1745503200000,4.99000000,5.09100000,4.98700000,5.06700000,53248.82000000,1745506799999,269080.87624000,3112,32120.44000000,162262.61649000,0
1745506800000,5.06600000,5.16000000,5.05300000,5.12200000,50708.40000000,1745510399999,259969.00904000,2800,29543.36000000,151429.96101000,0
1745510400000,5.12400000,5.20500000,5.09800000,5.17000000,50484.54000000,1745513999999,260301.87904000,2927,25892.44000000,133551.37652000,0
1745514000000,5.16800000,5.18700000,5.04700000,5.09900000,49494.03000000,1745517599999,252015.08916000,3471,31451.47000000,160097.32443000,0
1745517600000,5.09900000,5.13900000,5.08900000,5.13000000,30853.46000000,1745521199999,157919.68192000,2025,16372.20000000,83786.39241000,0
1745521200000,5.13100000,5.14900000,5.11500000,5.12500000,22193.08000000,1745524799999,113898.30438000,1873,14015.98000000,71934.62337000,0
1745524800000,5.12600000,5.15200000,5.10300000,5.13600000,16258.78000000,1745528399999,83434.87650000,1136,8189.13000000,42039.88215000,0
1745528400000,5.13500000,5.15900000,5.11300000,5.14700000,14759.51000000,1745531999999,75818.04167000,1397,8305.18000000,42664.31434000,0
1745532000000,5.14800000,5.18300000,5.11900000,5.12200000,68323.01000000,1745535599999,351975.08763000,5951,31630.53000000,163000.30685000,0
1745535600000,5.12100000,5.18800000,5.12100000,5.17900000,38842.98000000,1745539199999,200356.66357000,3489,18703.68000000,96474.23421000,0
1745539200000,5.18000000,5.20400000,5.12600000,5.14600000,21760.07000000,1745542799999,112243.94920000,1534,10595.37000000,54682.52483000,0
1745542800000,5.14600000,5.20600000,5.13200000,5.16600000,23741.79000000,1745546399999,122818.45453000,1901,12972.73000000,67158.14236000,0
1745546400000,5.16600000,5.18400000,5.07200000,5.09100000,33160.14000000,1745549999999,170092.20267000,2590,21207.71000000,108832.03692000,0
1745550000000,5.09200000,5.12300000,5.04600000,5.09600000,25143.53000000,1745553599999,127962.41318000,2344,15960.43000000,81266.33520000,0
1745553600000,5.09600000,5.14700000,5.08000000,5.09200000,46636.94000000,1745557199999,238835.31525000,2666,19261.17000000,98553.97021000,0
1745557200000,5.09100000,5.15300000,5.08100000,5.13600000,20752.43000000,1745560799999,106242.68230000,995,13644.17000000,69821.99036000,0
1745560800000,5.13800000,5.38700000,5.10600000,5.37300000,88589.91000000,1745564399999,464294.35698000,4380,55667.20000000,291130.57430000,0
1745564400000,5.37000000,5.52100000,5.27200000,5.43300000,283221.29000000,1745567999999,1532109.20619000,12765,148983.66000000,806481.65079000,0
1745568000000,5.43300000,5.48300000,5.38200000,5.40800000,72073.55000000,1745571599999,390873.65821000,3876,35568.53000000,192915.51300000,0
1745571600000,5.40800000,5.48600000,5.39500000,5.45900000,51810.12000000,1745575199999,282369.66462000,2423,25900.67000000,141240.45423000,0
1745575200000,5.46400000,5.47100000,5.27700000,5.32700000,64426.03000000,1745578799999,346363.51289000,3307,28869.57000000,155131.76953000,0
1745578800000,5.32800000,5.40700000,5.32800000,5.39800000,42774.10000000,1745582399999,230029.74488000,2027,23317.01000000,125398.08672000,0
1745582400000,5.39600000,5.44500000,5.35800000,5.37300000,57342.18000000,1745585999999,310044.36516000,3369,31571.79000000,170833.68671000,0
1745586000000,5.37200000,5.50000000,5.32400000,5.46100000,52459.96000000,1745589599999,283420.86001000,2821,29901.14000000,161696.98146000,0
1745589600000,5.46000000,5.56000000,5.45300000,5.50900000,90415.04000000,1745593199999,499307.81503000,5256,51476.63000000,284298.38821000,0
1745593200000,5.51200000,5.69800000,5.47000000,5.52400000,122711.48000000,1745596799999,684860.90872000,5682,61568.70000000,343544.17849000,0
1745596800000,5.52500000,5.60400000,5.40100000,5.43700000,53473.52000000,1745600399999,292603.77319000,3248,23394.62000000,128150.40485000,0
1745600400000,5.43800000,5.50100000,5.33700000,5.36700000,53109.55000000,1745603999999,286373.99183000,2928,29117.81000000,156968.08975000,0
1745604000000,5.36700000,5.45300000,5.34800000,5.37700000,35243.01000000,1745607599999,190321.09119000,2303,23120.21000000,124838.45320000,0
1745607600000,5.37900000,5.39900000,5.34300000,5.39400000,10246.06000000,1745611199999,55098.49461000,943,5055.76000000,27190.21871000,0
1745611200000,5.39500000,5.46400000,5.37800000,5.41700000,31167.13000000,1745614799999,169012.20348000,1396,12932.18000000,70131.01448000,0
1745614800000,5.41600000,5.47700000,5.31600000,5.33100000,29335.73000000,1745618399999,158730.33253000,1427,12062.34000000,65325.06444000,0
1745618400000,5.32900000,5.39200000,5.32900000,5.38000000,20317.87000000,1745621999999,109080.69917000,1085,12318.21000000,66113.97060000,0
1745622000000,5.37600000,5.41000000,5.35900000,5.39200000,24748.53000000,1745625599999,133289.45603000,1110,13660.29000000,73601.94252000,0
1745625600000,5.39300000,5.55400000,5.39300000,5.53800000,49782.81000000,1745629199999,272950.56666000,2807,23831.77000000,130817.87578000,0
1745629200000,5.53700000,5.77200000,5.53200000,5.66400000,95071.35000000,1745632799999,540490.08560000,4851,54441.05000000,309685.50018000,0
1745632800000,5.66200000,5.68500000,5.59300000,5.62200000,60914.96000000,1745636399999,343174.96027000,3697,29449.79000000,165963.08482000,0
1745636400000,5.62100000,5.64400000,5.55000000,5.59800000,36982.58000000,1745639999999,206700.41605000,1962,20944.58000000,117023.31570000,0
1745640000000,5.59700000,5.67800000,5.56200000,5.61100000,48805.99000000,1745643599999,274493.02160000,2351,19674.97000000,110470.81290000,0
1745643600000,5.61000000,5.64800000,5.55100000,5.63000000,31572.70000000,1745647199999,176452.91901000,1593,15647.70000000,87512.92790000,0
1745647200000,5.63000000,5.67300000,5.61600000,5.65100000,27231.43000000,1745650799999,153817.71815000,1702,13149.61000000,74252.83556000,0
1745650800000,5.65200000,5.70000000,5.55600000,5.56300000,41743.80000000,1745654399999,235006.17965000,2276,18782.11000000,105923.92472000,0
1745654400000,5.56000000,5.62000000,5.48300000,5.50400000,55414.41000000,1745657999999,307033.27988000,2885,19164.11000000,106275.98755000,0
1745658000000,5.50300000,5.51900000,5.40500000,5.44400000,46348.83000000,1745661599999,252837.98297000,3106,25911.58000000,141325.29335000,0
1745661600000,5.44700000,5.48000000,5.43300000,5.46800000,26625.79000000,1745665199999,145204.57586000,1765,14743.50000000,80410.62053000,0
1745665200000,5.46700000,5.50100000,5.34800000,5.37300000,32818.37000000,1745668799999,177932.05877000,2227,13793.59000000,74922.23375000,0
1745668800000,5.37400000,5.44500000,5.37000000,5.40600000,20434.70000000,1745672399999,110643.63928000,1461,12596.36000000,68209.76793000,0
1745672400000,5.40600000,5.44800000,5.36500000,5.41300000,31773.04000000,1745675999999,171853.79256000,2279,15656.82000000,84687.87141000,0
1745676000000,5.41700000,5.42900000,5.34900000,5.35900000,42033.78000000,1745679599999,226387.07037000,2380,23084.68000000,124387.93889000,0
1745679600000,5.36400000,5.48400000,5.36400000,5.47600000,34828.97000000,1745683199999,189116.11592000,3378,22487.76000000,122127.63730000,0
1745683200000,5.47800000,5.55400000,5.43400000,5.47600000,57064.35000000,1745686799999,313181.09861000,4890,33266.53000000,182622.87288000,0
1745686800000,5.47500000,5.51100000,5.43500000,5.44000000,20104.62000000,1745690399999,109984.91963000,1698,9776.64000000,53515.13929000,0
1745690400000,5.43900000,5.46400000,5.42000000,5.42800000,18939.62000000,1745693999999,102978.85423000,1222,9119.17000000,49579.36603000,0
1745694000000,5.43100000,5.43300000,5.38600000,5.41100000,26841.03000000,1745697599999,145025.66096000,1234,15585.10000000,84217.58598000,0
1745697600000,5.41200000,5.44500000,5.39000000,5.40000000,14205.67000000,1745701199999,76928.88867000,1091,5480.89000000,29667.79639000,0
1745701200000,5.40000000,5.45000000,5.38900000,5.40600000,13811.80000000,1745704799999,74741.04439000,796,4153.89000000,22482.64105000,0
1745704800000,5.40600000,5.46000000,5.38700000,5.41200000,18926.64000000,1745708399999,102721.01036000,1235,7541.66000000,40958.62904000,0
1745708400000,5.40900000,5.43900000,5.39300000,5.42800000,20670.46000000,1745711999999,111955.89882000,1525,9312.45000000,50463.85849000,0
1745712000000,5.42700000,5.44100000,5.37100000,5.41600000,23598.00000000,1745715599999,127577.67121000,2000,9939.80000000,53743.37448000,0
1745715600000,5.41700000,5.42000000,5.23800000,5.25300000,48718.40000000,1745719199999,258379.24211000,3503,14686.63000000,77847.63859000,0
1745719200000,5.25300000,5.32800000,5.24000000,5.32000000,19490.44000000,1745722799999,103263.02976000,1356,9585.84000000,50789.16696000,0
1745722800000,5.31900000,5.35300000,5.31000000,5.33400000,7332.86000000,1745726399999,39102.00557000,774,2772.46000000,14784.41311000,0
1745726400000,5.33300000,5.33800000,5.21500000,5.22900000,15987.36000000,1745729999999,84355.87456000,1053,6456.29000000,34081.95027000,0
1745730000000,5.22700000,5.25600000,5.14300000,5.17000000,62390.90000000,1745733599999,323489.33841000,2394,35381.51000000,183554.27724000,0
1745733600000,5.17000000,5.21000000,5.15500000,5.17900000,11896.29000000,1745737199999,61676.99565000,802,5387.31000000,27940.21068000,0
1745737200000,5.18000000,5.23800000,5.17700000,5.23000000,23327.49000000,1745740799999,121348.20502000,1148,11666.41000000,60716.27511000,0
1745740800000,5.23100000,5.26700000,5.21200000,5.22000000,15639.98000000,1745744399999,81808.70795000,929,8346.32000000,43654.42439000,0
1745744400000,5.21700000,5.23100000,5.18300000,5.23100000,6982.71000000,1745747999999,36360.31301000,486,3358.94000000,17489.70319000,0
1745748000000,5.22900000,5.22900000,5.18000000,5.19300000,9929.36000000,1745751599999,51619.42733000,493,3113.80000000,16182.95396000,0
1745751600000,5.19600000,5.23500000,5.17700000,5.18600000,23050.97000000,1745755199999,120000.62129000,912,9419.60000000,49014.29708000,0
1745755200000,5.18700000,5.19200000,5.11200000,5.13000000,39719.89000000,1745758799999,204232.68122000,1624,11510.05000000,59199.71465000,0
1745758800000,5.13000000,5.18200000,5.09500000,5.17000000,20526.51000000,1745762399999,105388.68455000,1330,10731.24000000,55103.37200000,0
1745762400000,5.17000000,5.19000000,5.15100000,5.15300000,15074.89000000,1745765999999,77935.51550000,901,7647.50000000,39552.11817000,0
1745766000000,5.15300000,5.15500000,5.11100000,5.12800000,14037.26000000,1745769599999,72067.01537000,802,9330.94000000,47904.25694000,0
1745769600000,5.12900000,5.13600000,5.07000000,5.08500000,12548.20000000,1745773199999,63980.21695000,982,4859.29000000,24768.30225000,0
1745773200000,5.08400000,5.12500000,5.07800000,5.12500000,7046.20000000,1745776799999,35993.53730000,659,4359.48000000,22266.88029000,0
1745776800000,5.12500000,5.16000000,5.11600000,5.14500000,6558.74000000,1745780399999,33740.06577000,539,2945.14000000,15148.86649000,0
1745780400000,5.14400000,5.15800000,5.11900000,5.15800000,9063.35000000,1745783999999,46569.32402000,480,4455.93000000,22897.61643000,0
1745784000000,5.15700000,5.16900000,5.11900000,5.13200000,6272.08000000,1745787599999,32214.72326000,486,2458.46000000,12622.48692000,0
1745787600000,5.13000000,5.15500000,5.09900000,5.13900000,6762.13000000,1745791199999,34665.75654000,420,3696.17000000,18968.09717000,0
1745791200000,5.13800000,5.14400000,5.08900000,5.11400000,7464.45000000,1745794799999,38152.04932000,706,2675.60000000,13685.04253000,0
1745794800000,5.11400000,5.11400000,5.08200000,5.09000000,14195.82000000,1745798399999,72292.63840000,690,6395.33000000,32568.98153000,0
1745798400000,5.08700000,5.12000000,5.05200000,5.11400000,26387.34000000,1745801999999,134329.48071000,1913,16452.61000000,83751.08127000,0
1745802000000,5.11600000,5.15000000,4.96600000,5.00600000,97407.98000000,1745805599999,494114.59156000,4037,40572.52000000,205788.17136000,0
1745805600000,5.00500000,5.10700000,4.99200000,5.09000000,29275.19000000,1745809199999,148250.96997000,2085,14426.54000000,73086.66490000,0
1745809200000,5.08800000,5.15600000,5.06700000,5.13300000,21523.97000000,1745812799999,110088.83193000,1305,11038.06000000,56453.42708000,0
1745812800000,5.13200000,5.18000000,5.13200000,5.15500000,12273.36000000,1745816399999,63363.20260000,766,5538.35000000,28594.35907000,0
1745816400000,5.15600000,5.18800000,5.15000000,5.16100000,11787.00000000,1745819999999,60902.82944000,766,6567.15000000,33933.99537000,0
1745820000000,5.16200000,5.29900000,5.15700000,5.26800000,71104.46000000,1745823599999,372296.82742000,3537,43812.65000000,229292.17460000,0
1745823600000,5.26700000,5.30300000,5.24900000,5.27700000,23254.11000000,1745827199999,122742.69406000,1105,10847.91000000,57235.45744000,0
1745827200000,5.27700000,5.31100000,5.26700000,5.27400000,37247.14000000,1745830799999,196835.75995000,1576,20115.88000000,106280.75389000,0
1745830800000,5.27500000,5.30700000,5.27500000,5.28600000,20227.24000000,1745834399999,107122.80009000,1090,11997.88000000,63542.08808000,0
1745834400000,5.28700000,5.32900000,5.20000000,5.27900000,35048.79000000,1745837999999,184740.78291000,1641,11925.13000000,62768.14433000,0
1745838000000,5.27900000,5.36100000,5.26000000,5.27800000,51448.40000000,1745841599999,273310.86463000,2029,23900.95000000,127056.08058000,0
1745841600000,5.28000000,5.29000000,5.23400000,5.24700000,20626.33000000,1745845199999,108636.47931000,1082,9762.73000000,51434.75507000,0
1745845200000,5.24500000,5.27400000,5.12100000,5.13000000,26258.20000000,1745848799999,136680.73936000,1717,12479.07000000,64983.48941000,0
1745848800000,5.12900000,5.18800000,5.09200000,5.11300000,36683.78000000,1745852399999,188562.27502000,2492,15755.31000000,81085.87828000,0
1745852400000,5.11400000,5.13700000,5.02400000,5.06700000,27328.96000000,1745855999999,138570.08982000,2067,14820.72000000,75232.08851000,0
1745856000000,5.06700000,5.11900000,5.01600000,5.10900000,23334.69000000,1745859599999,118450.91346000,1614,11463.68000000,58186.63121000,0
1745859600000,5.11000000,5.17400000,5.09200000,5.17400000,14670.55000000,1745863199999,75156.60665000,1051,8546.12000000,43782.64956000,0
1745863200000,5.17400000,5.18900000,5.12800000,5.18300000,9689.40000000,1745866799999,49990.01344000,736,5880.81000000,30332.63038000,0
1745866800000,5.18300000,5.23400000,5.18000000,5.21500000,15529.71000000,1745870399999,80967.54655000,1167,8034.62000000,41893.20887000,0
1745870400000,5.21500000,5.21900000,5.17800000,5.19500000,15198.49000000,1745873999999,79036.34126000,839,4757.54000000,24738.93518000,0
1745874000000,5.19500000,5.20900000,5.17400000,5.20500000,6013.37000000,1745877599999,31202.65899000,383,3582.33000000,18590.97357000,0
1745877600000,5.20400000,5.23100000,5.19900000,5.22400000,11949.00000000,1745881199999,62301.39639000,562,6316.75000000,32939.67757000,0
1745881200000,5.22600000,5.23700000,5.19700000,5.22900000,21549.34000000,1745884799999,112419.04240000,691,15502.31000000,80861.95494000,0
1745884800000,5.23300000,5.30500000,5.21300000,5.28000000,15015.09000000,1745888399999,79116.10918000,594,7446.10000000,39235.76510000,0
1745888400000,5.28100000,5.34400000,5.26900000,5.30900000,24323.10000000,1745891999999,128913.24706000,866,12996.06000000,68972.66148000,0
1745892000000,5.30900000,5.31300000,5.23700000,5.28800000,21533.99000000,1745895599999,113562.27804000,796,6722.19000000,35406.19951000,0
1745895600000,5.28900000,5.31200000,5.27300000,5.28400000,15820.17000000,1745899199999,83664.45565000,593,7502.94000000,39695.12745000,0
1745899200000,5.28600000,5.30200000,5.19500000,5.22000000,13235.87000000,1745902799999,69433.60599000,687,5480.90000000,28725.77930000,0
1745902800000,5.22000000,5.24100000,5.20100000,5.21800000,9460.32000000,1745906399999,49389.79435000,451,5528.45000000,28879.20878000,0
1745906400000,5.21800000,5.28700000,5.21600000,5.25900000,10763.86000000,1745909999999,56517.40367000,585,5721.82000000,30063.82609000,0
1745910000000,5.25700000,5.27500000,5.23000000,5.27100000,20886.43000000,1745913599999,109638.99815000,811,9127.45000000,47956.72186000,0
1745913600000,5.26900000,5.28100000,5.22300000,5.24000000,21954.64000000,1745917199999,115212.12994000,682,9451.85000000,49616.53721000,0
1745917200000,5.23900000,5.24900000,5.16900000,5.18400000,15311.07000000,1745920799999,79799.08255000,517,6879.31000000,35895.75244000,0
1745920800000,5.18300000,5.18800000,5.08200000,5.10600000,18823.76000000,1745924399999,96380.35754000,748,6176.59000000,31699.18377000,0
1745924400000,5.10000000,5.13100000,5.09300000,5.11700000,16768.92000000,1745927999999,85726.14973000,592,9851.80000000,50373.69413000,0
1745928000000,5.11800000,5.11800000,5.06100000,5.09600000,19064.83000000,1745931599999,96901.04401000,712,7665.48000000,38976.79909000,0
1745931600000,5.09600000,5.11300000,5.06000000,5.10800000,14291.11000000,1745935199999,72707.03879000,610,6567.75000000,33400.24147000,0
1745935200000,5.10800000,5.18300000,5.09200000,5.15100000,30697.13000000,1745938799999,157936.15321000,980,16852.14000000,86759.88436000,0
1745938800000,5.15100000,5.15400000,5.10900000,5.11800000,10103.63000000,1745942399999,51788.51724000,495,5271.10000000,27005.74688000,0
1745942400000,5.11700000,5.13400000,5.09700000,5.10300000,8008.69000000,1745945999999,40966.24098000,508,4453.66000000,22781.06881000,0
1745946000000,5.10300000,5.12000000,5.07800000,5.11400000,6724.14000000,1745949599999,34315.19030000,361,3595.20000000,18354.28599000,0
1745949600000,5.11400000,5.17400000,5.11000000,5.12200000,16844.00000000,1745953199999,86374.79625000,693,8036.38000000,41221.91232000,0
1745953200000,5.12100000,5.12100000,5.09000000,5.09100000,9643.72000000,1745956799999,49228.31346000,403,3005.82000000,15348.14195000,0
1745956800000,5.09000000,5.09900000,5.07200000,5.09600000,5389.06000000,1745960399999,27399.49031000,310,2765.53000000,14061.01928000,0
1745960400000,5.09500000,5.09500000,4.98000000,5.04900000,21239.17000000,1745963999999,106814.91571000,968,6436.55000000,32386.45570000,0
1745964000000,5.04900000,5.04900000,4.97300000,4.98400000,10305.72000000,1745967599999,51487.54097000,399,4450.48000000,22226.70677000,0
1745967600000,4.98000000,5.00100000,4.87900000,5.00000000,23327.47000000,1745971199999,115171.40298000,1075,9955.20000000,49202.13813000,0
1745971200000,4.98800000,5.04500000,4.97300000,5.03600000,13037.75000000,1745974799999,65339.09473000,507,6280.12000000,31472.10406000,0
1745974800000,5.03700000,5.03700000,4.95500000,4.99900000,8513.51000000,1745978399999,42521.01429000,316,3072.45000000,15340.06309000,0
1745978400000,4.99400000,5.01700000,4.95600000,4.98500000,19105.60000000,1745981999999,95153.13185000,589,8310.85000000,41424.78589000,0
1745982000000,4.98400000,5.02400000,4.94600000,5.00700000,13360.28000000,1745985599999,66450.05417000,504,6601.87000000,32867.68642000,0
1745985600000,5.01100000,5.04300000,4.99200000,5.04200000,6085.00000000,1745989199999,30484.54408000,290,2777.24000000,13922.95182000,0
1745989200000,5.04300000,5.04700000,5.01800000,5.04600000,7765.44000000,1745992799999,39066.40537000,272,4031.15000000,20282.99181000,0
1745992800000,5.04400000,5.05300000,5.00100000,5.00100000,6151.92000000,1745996399999,30935.25513000,543,3093.97000000,15557.89777000,0
1745996400000,5.00100000,5.02300000,4.94900000,4.96600000,11305.28000000,1745999999999,56314.03375000,525,5381.19000000,26804.45297000,0
1746000000000,4.96500000,4.99800000,4.95400000,4.98000000,6916.15000000,1746003599999,34455.03553000,278,3480.95000000,17332.70227000,0
1746003600000,4.97700000,5.05100000,4.97700000,5.04100000,8112.69000000,1746007199999,40771.73143000,397,3786.47000000,19017.52426000,0
1746007200000,5.03700000,5.04500000,5.02300000,5.03100000,11168.85000000,1746010799999,56203.38130000,383,5106.81000000,25700.66110000,0
1746010800000,5.03200000,5.06600000,5.02000000,5.04800000,6556.80000000,1746014399999,33071.53454000,311,4331.33000000,21860.22851000,0
1746014400000,5.05800000,5.07700000,4.91300000,5.00800000,38564.47000000,1746017999999,192481.89225000,1556,21601.09000000,107789.05156000,0
1746018000000,5.00300000,5.01800000,4.88500000,4.89700000,32593.94000000,1746021599999,161656.82052000,1094,12790.93000000,63494.30746000,0
1746021600000,4.88900000,5.00800000,4.87900000,4.95600000,29737.71000000,1746025199999,147283.53322000,1066,14002.50000000,69366.26844000,0
1746025200000,4.95700000,4.99500000,4.94400000,4.96400000,11889.79000000,1746028799999,59086.37185000,534,6001.49000000,29828.07595000,0
1746028800000,4.96000000,5.00400000,4.91600000,4.98900000,14813.07000000,1746032399999,73425.91885000,643,6809.85000000,33768.06225000,0
1746032400000,4.99100000,5.05200000,4.98700000,5.03600000,14557.39000000,1746035999999,73044.62988000,543,7809.50000000,39180.07601000,0
1746036000000,5.03800000,5.08500000,4.99500000,5.01800000,31041.60000000,1746039599999,156387.66757000,1343,15304.06000000,77118.84977000,0
1746039600000,5.01900000,5.04400000,4.96500000,5.02500000,10116.81000000,1746043199999,50660.87053000,484,6011.75000000,30115.83578000,0
1746043200000,5.02200000,5.06500000,5.02200000,5.04100000,8701.23000000,1746046799999,43871.38888000,307,3834.62000000,19330.81027000,0
1746046800000,5.04600000,5.05200000,5.01100000,5.01100000,4163.14000000,1746050399999,20942.50135000,221,2731.23000000,13733.74681000,0
1746050400000,5.01600000,5.04300000,5.00000000,5.01600000,2645.30000000,1746053999999,13277.13237000,145,1314.01000000,6593.81583000,0
1746054000000,5.01600000,5.04100000,5.00200000,5.04000000,4301.32000000,1746057599999,21619.25667000,191,2072.99000000,10420.96254000,0
