,trend_window,osc_range,div_threshold,symbol,period,month,trades,win,lose,profit,loss,total,winrate
0,10,0.02,1.5,BTCUSDT,1m,2025-03,2,1,1,0.7391082262203138,-0.1625282270360604,0.5765799991842534,0.5
1,10,0.02,1.5,BTCUSDT,1m,2025-04,6,6,0,13.542292274729942,0.0,13.542292274729942,1.0
2,10,0.02,1.5,BTCUSDT,1m,2025-05,8,6,2,10.884047952544483,-1.678606244817075,9.205441707727408,0.75
3,10,0.02,1.5,BTCUSDT,5m,2025-03,1,0,1,0.0,-6.941373676032577,-6.941373676032577,0.0
4,10,0.02,1.5,BTCUSDT,5m,2025-04,1,1,0,7.748246828143017,0.0,7.748246828143017,1.0
5,10,0.02,1.5,BTCUSDT,5m,2025-05,2,2,0,3.183134806844551,0.0,3.183134806844551,1.0
6,10,0.02,1.5,BTCUSDT,30m,2025-03,1,1,0,5.930480298390896,0.0,5.930480298390896,1.0
7,10,0.02,1.5,BTCUSDT,30m,2025-04,0,0,0,0.0,0.0,0.0,0.0
8,10,0.02,1.5,BTCUSDT,30m,2025-05,0,0,0,0.0,0.0,0.0,0.0
9,10,0.02,1.5,BTCUSDT,1h,2025-03,0,0,0,0.0,0.0,0.0,0.0
10,10,0.02,1.5,BTCUSDT,1h,2025-04,0,0,0,0.0,0.0,0.0,0.0
11,10,0.02,1.5,BTCUSDT,1h,2025-05,0,0,0,0.0,0.0,0.0,0.0
12,10,0.02,1.5,ETHUSDT,1m,2025-03,4,4,0,8.165006089259052,0.0,8.165006089259052,1.0
13,10,0.02,1.5,ETHUSDT,1m,2025-04,4,3,1,10.06272264198697,-0.3237706745129478,9.738951967474021,0.75
14,10,0.02,1.5,ETHUSDT,1m,2025-05,4,3,1,4.1076283212150635,-0.6105397202376577,3.4970886009774063,0.75
15,10,0.02,1.5,ETHUSDT,5m,2025-03,1,1,0,1.7700334524443093,0.0,1.7700334524443093,1.0
16,10,0.02,1.5,ETHUSDT,5m,2025-04,2,1,1,27.11092034195372,-8.715669424873951,18.395250917079768,0.5
17,10,0.02,1.5,ETHUSDT,5m,2025-05,0,0,0,0.0,0.0,0.0,0.0
18,10,0.02,1.5,ETHUSDT,30m,2025-03,1,1,0,8.217182497331912,0.0,8.217182497331912,1.0
19,10,0.02,1.5,ETHUSDT,30m,2025-04,0,0,0,0.0,0.0,0.0,0.0
20,10,0.02,1.5,ETHUSDT,30m,2025-05,0,0,0,0.0,0.0,0.0,0.0
21,10,0.02,1.5,ETHUSDT,1h,2025-03,0,0,0,0.0,0.0,0.0,0.0
22,10,0.02,1.5,ETHUSDT,1h,2025-04,0,0,0,0.0,0.0,0.0,0.0
23,10,0.02,1.5,ETHUSDT,1h,2025-05,0,0,0,0.0,0.0,0.0,0.0
24,10,0.02,1.5,SOLUSDT,1m,2025-03,1,1,0,3.9080459770114993,0.0,3.9080459770114993,1.0
25,10,0.02,1.5,SOLUSDT,1m,2025-04,3,2,1,40.47984583904483,-2.379547689282218,38.10029814976261,0.6666666666666666
26,10,0.02,1.5,SOLUSDT,1m,2025-05,1,0,1,0.0,-1.5426124699395831,-1.5426124699395831,0.0
27,10,0.02,1.5,SOLUSDT,5m,2025-03,0,0,0,0.0,0.0,0.0,0.0
28,10,0.02,1.5,SOLUSDT,5m,2025-04,0,0,0,0.0,0.0,0.0,0.0
29,10,0.02,1.5,SOLUSDT,5m,2025-05,0,0,0,0.0,0.0,0.0,0.0
30,10,0.02,1.5,SOLUSDT,30m,2025-03,0,0,0,0.0,0.0,0.0,0.0
31,10,0.02,1.5,SOLUSDT,30m,2025-04,0,0,0,0.0,0.0,0.0,0.0
32,10,0.02,1.5,SOLUSDT,30m,2025-05,0,0,0,0.0,0.0,0.0,0.0
33,10,0.02,1.5,SOLUSDT,1h,2025-03,0,0,0,0.0,0.0,0.0,0.0
34,10,0.02,1.5,SOLUSDT,1h,2025-04,0,0,0,0.0,0.0,0.0,0.0
35,10,0.02,1.5,SOLUSDT,1h,2025-05,0,0,0,0.0,0.0,0.0,0.0
36,10,0.02,2.0,BTCUSDT,1m,2025-03,2,1,1,0.7391082262203138,-0.1625282270360604,0.5765799991842534,0.5
37,10,0.02,2.0,BTCUSDT,1m,2025-04,6,6,0,13.542292274729942,0.0,13.542292274729942,1.0
38,10,0.02,2.0,BTCUSDT,1m,2025-05,8,6,2,10.884047952544483,-1.678606244817075,9.205441707727408,0.75
39,10,0.02,2.0,BTCUSDT,5m,2025-03,1,0,1,0.0,-6.941373676032577,-6.941373676032577,0.0
40,10,0.02,2.0,BTCUSDT,5m,2025-04,1,1,0,7.748246828143017,0.0,7.748246828143017,1.0
41,10,0.02,2.0,BTCUSDT,5m,2025-05,2,2,0,3.183134806844551,0.0,3.183134806844551,1.0
42,10,0.02,2.0,BTCUSDT,30m,2025-03,1,1,0,5.930480298390896,0.0,5.930480298390896,1.0
43,10,0.02,2.0,BTCUSDT,30m,2025-04,0,0,0,0.0,0.0,0.0,0.0
44,10,0.02,2.0,BTCUSDT,30m,2025-05,0,0,0,0.0,0.0,0.0,0.0
45,10,0.02,2.0,BTCUSDT,1h,2025-03,0,0,0,0.0,0.0,0.0,0.0
46,10,0.02,2.0,BTCUSDT,1h,2025-04,0,0,0,0.0,0.0,0.0,0.0
47,10,0.02,2.0,BTCUSDT,1h,2025-05,0,0,0,0.0,0.0,0.0,0.0
48,10,0.02,2.0,ETHUSDT,1m,2025-03,4,4,0,8.165006089259052,0.0,8.165006089259052,1.0
49,10,0.02,2.0,ETHUSDT,1m,2025-04,4,3,1,10.06272264198697,-0.3237706745129478,9.738951967474021,0.75
50,10,0.02,2.0,ETHUSDT,1m,2025-05,4,3,1,4.1076283212150635,-0.6105397202376577,3.4970886009774063,0.75
51,10,0.02,2.0,ETHUSDT,5m,2025-03,1,1,0,1.7700334524443093,0.0,1.7700334524443093,1.0
52,10,0.02,2.0,ETHUSDT,5m,2025-04,2,1,1,27.11092034195372,-8.715669424873951,18.395250917079768,0.5
53,10,0.02,2.0,ETHUSDT,5m,2025-05,0,0,0,0.0,0.0,0.0,0.0
54,10,0.02,2.0,ETHUSDT,30m,2025-03,1,1,0,8.217182497331912,0.0,8.217182497331912,1.0
55,10,0.02,2.0,ETHUSDT,30m,2025-04,0,0,0,0.0,0.0,0.0,0.0
56,10,0.02,2.0,ETHUSDT,30m,2025-05,0,0,0,0.0,0.0,0.0,0.0
57,10,0.02,2.0,ETHUSDT,1h,2025-03,0,0,0,0.0,0.0,0.0,0.0
58,10,0.02,2.0,ETHUSDT,1h,2025-04,0,0,0,0.0,0.0,0.0,0.0
59,10,0.02,2.0,ETHUSDT,1h,2025-05,0,0,0,0.0,0.0,0.0,0.0
60,10,0.02,2.0,SOLUSDT,1m,2025-03,1,1,0,3.9080459770114993,0.0,3.9080459770114993,1.0
61,10,0.02,2.0,SOLUSDT,1m,2025-04,3,2,1,40.47984583904483,-2.379547689282218,38.10029814976261,0.6666666666666666
62,10,0.02,2.0,SOLUSDT,1m,2025-05,1,0,1,0.0,-1.5426124699395831,-1.5426124699395831,0.0
63,10,0.02,2.0,SOLUSDT,5m,2025-03,0,0,0,0.0,0.0,0.0,0.0
64,10,0.02,2.0,SOLUSDT,5m,2025-04,0,0,0,0.0,0.0,0.0,0.0
65,10,0.02,2.0,SOLUSDT,5m,2025-05,0,0,0,0.0,0.0,0.0,0.0
66,10,0.02,2.0,SOLUSDT,30m,2025-03,0,0,0,0.0,0.0,0.0,0.0
67,10,0.02,2.0,SOLUSDT,30m,2025-04,0,0,0,0.0,0.0,0.0,0.0
68,10,0.02,2.0,SOLUSDT,30m,2025-05,0,0,0,0.0,0.0,0.0,0.0
69,10,0.02,2.0,SOLUSDT,1h,2025-03,0,0,0,0.0,0.0,0.0,0.0
70,10,0.02,2.0,SOLUSDT,1h,2025-04,0,0,0,0.0,0.0,0.0,0.0
71,10,0.02,2.0,SOLUSDT,1h,2025-05,0,0,0,0.0,0.0,0.0,0.0
72,10,0.02,2.5,BTCUSDT,1m,2025-03,2,1,1,0.7391082262203138,-0.1625282270360604,0.5765799991842534,0.5
73,10,0.02,2.5,BTCUSDT,1m,2025-04,6,6,0,13.542292274729942,0.0,13.542292274729942,1.0
74,10,0.02,2.5,BTCUSDT,1m,2025-05,8,6,2,10.884047952544483,-1.678606244817075,9.205441707727408,0.75
75,10,0.02,2.5,BTCUSDT,5m,2025-03,1,0,1,0.0,-6.941373676032577,-6.941373676032577,0.0
76,10,0.02,2.5,BTCUSDT,5m,2025-04,1,1,0,7.748246828143017,0.0,7.748246828143017,1.0
77,10,0.02,2.5,BTCUSDT,5m,2025-05,2,2,0,3.183134806844551,0.0,3.183134806844551,1.0
78,10,0.02,2.5,BTCUSDT,30m,2025-03,1,1,0,5.930480298390896,0.0,5.930480298390896,1.0
79,10,0.02,2.5,BTCUSDT,30m,2025-04,0,0,0,0.0,0.0,0.0,0.0
80,10,0.02,2.5,BTCUSDT,30m,2025-05,0,0,0,0.0,0.0,0.0,0.0
81,10,0.02,2.5,BTCUSDT,1h,2025-03,0,0,0,0.0,0.0,0.0,0.0
82,10,0.02,2.5,BTCUSDT,1h,2025-04,0,0,0,0.0,0.0,0.0,0.0
83,10,0.02,2.5,BTCUSDT,1h,2025-05,0,0,0,0.0,0.0,0.0,0.0
84,10,0.02,2.5,ETHUSDT,1m,2025-03,4,4,0,8.165006089259052,0.0,8.165006089259052,1.0
85,10,0.02,2.5,ETHUSDT,1m,2025-04,4,3,1,10.06272264198697,-0.3237706745129478,9.738951967474021,0.75
86,10,0.02,2.5,ETHUSDT,1m,2025-05,4,3,1,4.1076283212150635,-0.6105397202376577,3.4970886009774063,0.75
87,10,0.02,2.5,ETHUSDT,5m,2025-03,1,1,0,1.7700334524443093,0.0,1.7700334524443093,1.0
88,10,0.02,2.5,ETHUSDT,5m,2025-04,2,1,1,27.11092034195372,-8.715669424873951,18.395250917079768,0.5
89,10,0.02,2.5,ETHUSDT,5m,2025-05,0,0,0,0.0,0.0,0.0,0.0
90,10,0.02,2.5,ETHUSDT,30m,2025-03,1,1,0,8.217182497331912,0.0,8.217182497331912,1.0
91,10,0.02,2.5,ETHUSDT,30m,2025-04,0,0,0,0.0,0.0,0.0,0.0
92,10,0.02,2.5,ETHUSDT,30m,2025-05,0,0,0,0.0,0.0,0.0,0.0
93,10,0.02,2.5,ETHUSDT,1h,2025-03,0,0,0,0.0,0.0,0.0,0.0
94,10,0.02,2.5,ETHUSDT,1h,2025-04,0,0,0,0.0,0.0,0.0,0.0
95,10,0.02,2.5,ETHUSDT,1h,2025-05,0,0,0,0.0,0.0,0.0,0.0
96,10,0.02,2.5,SOLUSDT,1m,2025-03,1,1,0,3.9080459770114993,0.0,3.9080459770114993,1.0
97,10,0.02,2.5,SOLUSDT,1m,2025-04,3,2,1,40.47984583904483,-2.379547689282218,38.10029814976261,0.6666666666666666
98,10,0.02,2.5,SOLUSDT,1m,2025-05,1,0,1,0.0,-1.5426124699395831,-1.5426124699395831,0.0
99,10,0.02,2.5,SOLUSDT,5m,2025-03,0,0,0,0.0,0.0,0.0,0.0
100,10,0.02,2.5,SOLUSDT,5m,2025-04,0,0,0,0.0,0.0,0.0,0.0
101,10,0.02,2.5,SOLUSDT,5m,2025-05,0,0,0,0.0,0.0,0.0,0.0
102,10,0.02,2.5,SOLUSDT,30m,2025-03,0,0,0,0.0,0.0,0.0,0.0
103,10,0.02,2.5,SOLUSDT,30m,2025-04,0,0,0,0.0,0.0,0.0,0.0
104,10,0.02,2.5,SOLUSDT,30m,2025-05,0,0,0,0.0,0.0,0.0,0.0
105,10,0.02,2.5,SOLUSDT,1h,2025-03,0,0,0,0.0,0.0,0.0,0.0
106,10,0.02,2.5,SOLUSDT,1h,2025-04,0,0,0,0.0,0.0,0.0,0.0
107,10,0.02,2.5,SOLUSDT,1h,2025-05,0,0,0,0.0,0.0,0.0,0.0
108,10,0.03,1.5,BTCUSDT,1m,2025-03,2,1,1,0.7391082262203138,-0.1625282270360604,0.5765799991842534,0.5
109,10,0.03,1.5,BTCUSDT,1m,2025-04,6,6,0,13.542292274729942,0.0,13.542292274729942,1.0
110,10,0.03,1.5,BTCUSDT,1m,2025-05,8,6,2,10.884047952544483,-1.678606244817075,9.205441707727408,0.75
111,10,0.03,1.5,BTCUSDT,5m,2025-03,1,0,1,0.0,-6.941373676032577,-6.941373676032577,0.0
112,10,0.03,1.5,BTCUSDT,5m,2025-04,1,1,0,7.748246828143017,0.0,7.748246828143017,1.0
113,10,0.03,1.5,BTCUSDT,5m,2025-05,2,2,0,3.183134806844551,0.0,3.183134806844551,1.0
114,10,0.03,1.5,BTCUSDT,30m,2025-03,1,1,0,5.930480298390896,0.0,5.930480298390896,1.0
115,10,0.03,1.5,BTCUSDT,30m,2025-04,0,0,0,0.0,0.0,0.0,0.0
116,10,0.03,1.5,BTCUSDT,30m,2025-05,0,0,0,0.0,0.0,0.0,0.0
117,10,0.03,1.5,BTCUSDT,1h,2025-03,0,0,0,0.0,0.0,0.0,0.0
118,10,0.03,1.5,BTCUSDT,1h,2025-04,0,0,0,0.0,0.0,0.0,0.0
119,10,0.03,1.5,BTCUSDT,1h,2025-05,0,0,0,0.0,0.0,0.0,0.0
120,10,0.03,1.5,ETHUSDT,1m,2025-03,4,4,0,8.165006089259052,0.0,8.165006089259052,1.0
121,10,0.03,1.5,ETHUSDT,1m,2025-04,4,3,1,10.06272264198697,-0.3237706745129478,9.738951967474021,0.75
122,10,0.03,1.5,ETHUSDT,1m,2025-05,4,3,1,4.1076283212150635,-0.6105397202376577,3.4970886009774063,0.75
123,10,0.03,1.5,ETHUSDT,5m,2025-03,1,1,0,1.7700334524443093,0.0,1.7700334524443093,1.0
124,10,0.03,1.5,ETHUSDT,5m,2025-04,2,1,1,27.11092034195372,-8.715669424873951,18.395250917079768,0.5
125,10,0.03,1.5,ETHUSDT,5m,2025-05,0,0,0,0.0,0.0,0.0,0.0
126,10,0.03,1.5,ETHUSDT,30m,2025-03,1,1,0,8.217182497331912,0.0,8.217182497331912,1.0
127,10,0.03,1.5,ETHUSDT,30m,2025-04,0,0,0,0.0,0.0,0.0,0.0
128,10,0.03,1.5,ETHUSDT,30m,2025-05,0,0,0,0.0,0.0,0.0,0.0
129,10,0.03,1.5,ETHUSDT,1h,2025-03,0,0,0,0.0,0.0,0.0,0.0
130,10,0.03,1.5,ETHUSDT,1h,2025-04,0,0,0,0.0,0.0,0.0,0.0
131,10,0.03,1.5,ETHUSDT,1h,2025-05,0,0,0,0.0,0.0,0.0,0.0
132,10,0.03,1.5,SOLUSDT,1m,2025-03,1,1,0,3.9080459770114993,0.0,3.9080459770114993,1.0
133,10,0.03,1.5,SOLUSDT,1m,2025-04,3,2,1,40.47984583904483,-2.379547689282218,38.10029814976261,0.6666666666666666
134,10,0.03,1.5,SOLUSDT,1m,2025-05,1,0,1,0.0,-1.5426124699395831,-1.5426124699395831,0.0
135,10,0.03,1.5,SOLUSDT,5m,2025-03,0,0,0,0.0,0.0,0.0,0.0
136,10,0.03,1.5,SOLUSDT,5m,2025-04,0,0,0,0.0,0.0,0.0,0.0
137,10,0.03,1.5,SOLUSDT,5m,2025-05,0,0,0,0.0,0.0,0.0,0.0
138,10,0.03,1.5,SOLUSDT,30m,2025-03,0,0,0,0.0,0.0,0.0,0.0
139,10,0.03,1.5,SOLUSDT,30m,2025-04,0,0,0,0.0,0.0,0.0,0.0
140,10,0.03,1.5,SOLUSDT,30m,2025-05,0,0,0,0.0,0.0,0.0,0.0
141,10,0.03,1.5,SOLUSDT,1h,2025-03,0,0,0,0.0,0.0,0.0,0.0
142,10,0.03,1.5,SOLUSDT,1h,2025-04,0,0,0,0.0,0.0,0.0,0.0
143,10,0.03,1.5,SOLUSDT,1h,2025-05,0,0,0,0.0,0.0,0.0,0.0
144,10,0.03,2.0,BTCUSDT,1m,2025-03,2,1,1,0.7391082262203138,-0.1625282270360604,0.5765799991842534,0.5
145,10,0.03,2.0,BTCUSDT,1m,2025-04,6,6,0,13.542292274729942,0.0,13.542292274729942,1.0
146,10,0.03,2.0,BTCUSDT,1m,2025-05,8,6,2,10.884047952544483,-1.678606244817075,9.205441707727408,0.75
147,10,0.03,2.0,BTCUSDT,5m,2025-03,1,0,1,0.0,-6.941373676032577,-6.941373676032577,0.0
148,10,0.03,2.0,BTCUSDT,5m,2025-04,1,1,0,7.748246828143017,0.0,7.748246828143017,1.0
149,10,0.03,2.0,BTCUSDT,5m,2025-05,2,2,0,3.183134806844551,0.0,3.183134806844551,1.0
150,10,0.03,2.0,BTCUSDT,30m,2025-03,1,1,0,5.930480298390896,0.0,5.930480298390896,1.0
151,10,0.03,2.0,BTCUSDT,30m,2025-04,0,0,0,0.0,0.0,0.0,0.0
152,10,0.03,2.0,BTCUSDT,30m,2025-05,0,0,0,0.0,0.0,0.0,0.0
153,10,0.03,2.0,BTCUSDT,1h,2025-03,0,0,0,0.0,0.0,0.0,0.0
154,10,0.03,2.0,BTCUSDT,1h,2025-04,0,0,0,0.0,0.0,0.0,0.0
155,10,0.03,2.0,BTCUSDT,1h,2025-05,0,0,0,0.0,0.0,0.0,0.0
156,10,0.03,2.0,ETHUSDT,1m,2025-03,4,4,0,8.165006089259052,0.0,8.165006089259052,1.0
157,10,0.03,2.0,ETHUSDT,1m,2025-04,4,3,1,10.06272264198697,-0.3237706745129478,9.738951967474021,0.75
158,10,0.03,2.0,ETHUSDT,1m,2025-05,4,3,1,4.1076283212150635,-0.6105397202376577,3.4970886009774063,0.75
159,10,0.03,2.0,ETHUSDT,5m,2025-03,1,1,0,1.7700334524443093,0.0,1.7700334524443093,1.0
160,10,0.03,2.0,ETHUSDT,5m,2025-04,2,1,1,27.11092034195372,-8.715669424873951,18.395250917079768,0.5
161,10,0.03,2.0,ETHUSDT,5m,2025-05,0,0,0,0.0,0.0,0.0,0.0
162,10,0.03,2.0,ETHUSDT,30m,2025-03,1,1,0,8.217182497331912,0.0,8.217182497331912,1.0
163,10,0.03,2.0,ETHUSDT,30m,2025-04,0,0,0,0.0,0.0,0.0,0.0
164,10,0.03,2.0,ETHUSDT,30m,2025-05,0,0,0,0.0,0.0,0.0,0.0
165,10,0.03,2.0,ETHUSDT,1h,2025-03,0,0,0,0.0,0.0,0.0,0.0
166,10,0.03,2.0,ETHUSDT,1h,2025-04,0,0,0,0.0,0.0,0.0,0.0
167,10,0.03,2.0,ETHUSDT,1h,2025-05,0,0,0,0.0,0.0,0.0,0.0
168,10,0.03,2.0,SOLUSDT,1m,2025-03,1,1,0,3.9080459770114993,0.0,3.9080459770114993,1.0
169,10,0.03,2.0,SOLUSDT,1m,2025-04,3,2,1,40.47984583904483,-2.379547689282218,38.10029814976261,0.6666666666666666
170,10,0.03,2.0,SOLUSDT,1m,2025-05,1,0,1,0.0,-1.5426124699395831,-1.5426124699395831,0.0
171,10,0.03,2.0,SOLUSDT,5m,2025-03,0,0,0,0.0,0.0,0.0,0.0
172,10,0.03,2.0,SOLUSDT,5m,2025-04,0,0,0,0.0,0.0,0.0,0.0
173,10,0.03,2.0,SOLUSDT,5m,2025-05,0,0,0,0.0,0.0,0.0,0.0
174,10,0.03,2.0,SOLUSDT,30m,2025-03,0,0,0,0.0,0.0,0.0,0.0
175,10,0.03,2.0,SOLUSDT,30m,2025-04,0,0,0,0.0,0.0,0.0,0.0
176,10,0.03,2.0,SOLUSDT,30m,2025-05,0,0,0,0.0,0.0,0.0,0.0
177,10,0.03,2.0,SOLUSDT,1h,2025-03,0,0,0,0.0,0.0,0.0,0.0
178,10,0.03,2.0,SOLUSDT,1h,2025-04,0,0,0,0.0,0.0,0.0,0.0
179,10,0.03,2.0,SOLUSDT,1h,2025-05,0,0,0,0.0,0.0,0.0,0.0
180,10,0.03,2.5,BTCUSDT,1m,2025-03,2,1,1,0.7391082262203138,-0.1625282270360604,0.5765799991842534,0.5
181,10,0.03,2.5,BTCUSDT,1m,2025-04,6,6,0,13.542292274729942,0.0,13.542292274729942,1.0
182,10,0.03,2.5,BTCUSDT,1m,2025-05,8,6,2,10.884047952544483,-1.678606244817075,9.205441707727408,0.75
183,10,0.03,2.5,BTCUSDT,5m,2025-03,1,0,1,0.0,-6.941373676032577,-6.941373676032577,0.0
184,10,0.03,2.5,BTCUSDT,5m,2025-04,1,1,0,7.748246828143017,0.0,7.748246828143017,1.0
185,10,0.03,2.5,BTCUSDT,5m,2025-05,2,2,0,3.183134806844551,0.0,3.183134806844551,1.0
186,10,0.03,2.5,BTCUSDT,30m,2025-03,1,1,0,5.930480298390896,0.0,5.930480298390896,1.0
187,10,0.03,2.5,BTCUSDT,30m,2025-04,0,0,0,0.0,0.0,0.0,0.0
188,10,0.03,2.5,BTCUSDT,30m,2025-05,0,0,0,0.0,0.0,0.0,0.0
189,10,0.03,2.5,BTCUSDT,1h,2025-03,0,0,0,0.0,0.0,0.0,0.0
190,10,0.03,2.5,BTCUSDT,1h,2025-04,0,0,0,0.0,0.0,0.0,0.0
191,10,0.03,2.5,BTCUSDT,1h,2025-05,0,0,0,0.0,0.0,0.0,0.0
192,10,0.03,2.5,ETHUSDT,1m,2025-03,4,4,0,8.165006089259052,0.0,8.165006089259052,1.0
193,10,0.03,2.5,ETHUSDT,1m,2025-04,4,3,1,10.06272264198697,-0.3237706745129478,9.738951967474021,0.75
194,10,0.03,2.5,ETHUSDT,1m,2025-05,4,3,1,4.1076283212150635,-0.6105397202376577,3.4970886009774063,0.75
195,10,0.03,2.5,ETHUSDT,5m,2025-03,1,1,0,1.7700334524443093,0.0,1.7700334524443093,1.0
196,10,0.03,2.5,ETHUSDT,5m,2025-04,2,1,1,27.11092034195372,-8.715669424873951,18.395250917079768,0.5
197,10,0.03,2.5,ETHUSDT,5m,2025-05,0,0,0,0.0,0.0,0.0,0.0
198,10,0.03,2.5,ETHUSDT,30m,2025-03,1,1,0,8.217182497331912,0.0,8.217182497331912,1.0
199,10,0.03,2.5,ETHUSDT,30m,2025-04,0,0,0,0.0,0.0,0.0,0.0
200,10,0.03,2.5,ETHUSDT,30m,2025-05,0,0,0,0.0,0.0,0.0,0.0
201,10,0.03,2.5,ETHUSDT,1h,2025-03,0,0,0,0.0,0.0,0.0,0.0
202,10,0.03,2.5,ETHUSDT,1h,2025-04,0,0,0,0.0,0.0,0.0,0.0
203,10,0.03,2.5,ETHUSDT,1h,2025-05,0,0,0,0.0,0.0,0.0,0.0
204,10,0.03,2.5,SOLUSDT,1m,2025-03,1,1,0,3.9080459770114993,0.0,3.9080459770114993,1.0
205,10,0.03,2.5,SOLUSDT,1m,2025-04,3,2,1,40.47984583904483,-2.379547689282218,38.10029814976261,0.6666666666666666
206,10,0.03,2.5,SOLUSDT,1m,2025-05,1,0,1,0.0,-1.5426124699395831,-1.5426124699395831,0.0
207,10,0.03,2.5,SOLUSDT,5m,2025-03,0,0,0,0.0,0.0,0.0,0.0
208,10,0.03,2.5,SOLUSDT,5m,2025-04,0,0,0,0.0,0.0,0.0,0.0
209,10,0.03,2.5,SOLUSDT,5m,2025-05,0,0,0,0.0,0.0,0.0,0.0
210,10,0.03,2.5,SOLUSDT,30m,2025-03,0,0,0,0.0,0.0,0.0,0.0
211,10,0.03,2.5,SOLUSDT,30m,2025-04,0,0,0,0.0,0.0,0.0,0.0
212,10,0.03,2.5,SOLUSDT,30m,2025-05,0,0,0,0.0,0.0,0.0,0.0
213,10,0.03,2.5,SOLUSDT,1h,2025-03,0,0,0,0.0,0.0,0.0,0.0
214,10,0.03,2.5,SOLUSDT,1h,2025-04,0,0,0,0.0,0.0,0.0,0.0
215,10,0.03,2.5,SOLUSDT,1h,2025-05,0,0,0,0.0,0.0,0.0,0.0
216,10,0.05,1.5,BTCUSDT,1m,2025-03,2,1,1,0.7391082262203138,-0.1625282270360604,0.5765799991842534,0.5
217,10,0.05,1.5,BTCUSDT,1m,2025-04,6,6,0,13.542292274729942,0.0,13.542292274729942,1.0
218,10,0.05,1.5,BTCUSDT,1m,2025-05,8,6,2,10.884047952544483,-1.678606244817075,9.205441707727408,0.75
219,10,0.05,1.5,BTCUSDT,5m,2025-03,1,0,1,0.0,-6.941373676032577,-6.941373676032577,0.0
220,10,0.05,1.5,BTCUSDT,5m,2025-04,1,1,0,7.748246828143017,0.0,7.748246828143017,1.0
221,10,0.05,1.5,BTCUSDT,5m,2025-05,2,2,0,3.183134806844551,0.0,3.183134806844551,1.0
222,10,0.05,1.5,BTCUSDT,30m,2025-03,1,1,0,5.930480298390896,0.0,5.930480298390896,1.0
223,10,0.05,1.5,BTCUSDT,30m,2025-04,0,0,0,0.0,0.0,0.0,0.0
224,10,0.05,1.5,BTCUSDT,30m,2025-05,0,0,0,0.0,0.0,0.0,0.0
225,10,0.05,1.5,BTCUSDT,1h,2025-03,0,0,0,0.0,0.0,0.0,0.0
226,10,0.05,1.5,BTCUSDT,1h,2025-04,0,0,0,0.0,0.0,0.0,0.0
227,10,0.05,1.5,BTCUSDT,1h,2025-05,0,0,0,0.0,0.0,0.0,0.0
228,10,0.05,1.5,ETHUSDT,1m,2025-03,4,4,0,8.165006089259052,0.0,8.165006089259052,1.0
229,10,0.05,1.5,ETHUSDT,1m,2025-04,4,3,1,10.06272264198697,-0.3237706745129478,9.738951967474021,0.75
230,10,0.05,1.5,ETHUSDT,1m,2025-05,4,3,1,4.1076283212150635,-0.6105397202376577,3.4970886009774063,0.75
231,10,0.05,1.5,ETHUSDT,5m,2025-03,1,1,0,1.7700334524443093,0.0,1.7700334524443093,1.0
232,10,0.05,1.5,ETHUSDT,5m,2025-04,2,1,1,27.11092034195372,-8.715669424873951,18.395250917079768,0.5
233,10,0.05,1.5,ETHUSDT,5m,2025-05,0,0,0,0.0,0.0,0.0,0.0
234,10,0.05,1.5,ETHUSDT,30m,2025-03,1,1,0,8.217182497331912,0.0,8.217182497331912,1.0
235,10,0.05,1.5,ETHUSDT,30m,2025-04,0,0,0,0.0,0.0,0.0,0.0
236,10,0.05,1.5,ETHUSDT,30m,2025-05,0,0,0,0.0,0.0,0.0,0.0
237,10,0.05,1.5,ETHUSDT,1h,2025-03,0,0,0,0.0,0.0,0.0,0.0
238,10,0.05,1.5,ETHUSDT,1h,2025-04,0,0,0,0.0,0.0,0.0,0.0
239,10,0.05,1.5,ETHUSDT,1h,2025-05,0,0,0,0.0,0.0,0.0,0.0
240,10,0.05,1.5,SOLUSDT,1m,2025-03,1,1,0,3.9080459770114993,0.0,3.9080459770114993,1.0
241,10,0.05,1.5,SOLUSDT,1m,2025-04,3,2,1,40.47984583904483,-2.379547689282218,38.10029814976261,0.6666666666666666
242,10,0.05,1.5,SOLUSDT,1m,2025-05,1,0,1,0.0,-1.5426124699395831,-1.5426124699395831,0.0
243,10,0.05,1.5,SOLUSDT,5m,2025-03,0,0,0,0.0,0.0,0.0,0.0
244,10,0.05,1.5,SOLUSDT,5m,2025-04,0,0,0,0.0,0.0,0.0,0.0
245,10,0.05,1.5,SOLUSDT,5m,2025-05,0,0,0,0.0,0.0,0.0,0.0
246,10,0.05,1.5,SOLUSDT,30m,2025-03,0,0,0,0.0,0.0,0.0,0.0
247,10,0.05,1.5,SOLUSDT,30m,2025-04,0,0,0,0.0,0.0,0.0,0.0
248,10,0.05,1.5,SOLUSDT,30m,2025-05,0,0,0,0.0,0.0,0.0,0.0
249,10,0.05,1.5,SOLUSDT,1h,2025-03,0,0,0,0.0,0.0,0.0,0.0
250,10,0.05,1.5,SOLUSDT,1h,2025-04,0,0,0,0.0,0.0,0.0,0.0
251,10,0.05,1.5,SOLUSDT,1h,2025-05,0,0,0,0.0,0.0,0.0,0.0
252,10,0.05,2.0,BTCUSDT,1m,2025-03,2,1,1,0.7391082262203138,-0.1625282270360604,0.5765799991842534,0.5
253,10,0.05,2.0,BTCUSDT,1m,2025-04,6,6,0,13.542292274729942,0.0,13.542292274729942,1.0
254,10,0.05,2.0,BTCUSDT,1m,2025-05,8,6,2,10.884047952544483,-1.678606244817075,9.205441707727408,0.75
255,10,0.05,2.0,BTCUSDT,5m,2025-03,1,0,1,0.0,-6.941373676032577,-6.941373676032577,0.0
256,10,0.05,2.0,BTCUSDT,5m,2025-04,1,1,0,7.748246828143017,0.0,7.748246828143017,1.0
257,10,0.05,2.0,BTCUSDT,5m,2025-05,2,2,0,3.183134806844551,0.0,3.183134806844551,1.0
258,10,0.05,2.0,BTCUSDT,30m,2025-03,1,1,0,5.930480298390896,0.0,5.930480298390896,1.0
259,10,0.05,2.0,BTCUSDT,30m,2025-04,0,0,0,0.0,0.0,0.0,0.0
260,10,0.05,2.0,BTCUSDT,30m,2025-05,0,0,0,0.0,0.0,0.0,0.0
261,10,0.05,2.0,BTCUSDT,1h,2025-03,0,0,0,0.0,0.0,0.0,0.0
262,10,0.05,2.0,BTCUSDT,1h,2025-04,0,0,0,0.0,0.0,0.0,0.0
263,10,0.05,2.0,BTCUSDT,1h,2025-05,0,0,0,0.0,0.0,0.0,0.0
264,10,0.05,2.0,ETHUSDT,1m,2025-03,4,4,0,8.165006089259052,0.0,8.165006089259052,1.0
265,10,0.05,2.0,ETHUSDT,1m,2025-04,4,3,1,10.06272264198697,-0.3237706745129478,9.738951967474021,0.75
266,10,0.05,2.0,ETHUSDT,1m,2025-05,4,3,1,4.1076283212150635,-0.6105397202376577,3.4970886009774063,0.75
267,10,0.05,2.0,ETHUSDT,5m,2025-03,1,1,0,1.7700334524443093,0.0,1.7700334524443093,1.0
268,10,0.05,2.0,ETHUSDT,5m,2025-04,2,1,1,27.11092034195372,-8.715669424873951,18.395250917079768,0.5
269,10,0.05,2.0,ETHUSDT,5m,2025-05,0,0,0,0.0,0.0,0.0,0.0
270,10,0.05,2.0,ETHUSDT,30m,2025-03,1,1,0,8.217182497331912,0.0,8.217182497331912,1.0
271,10,0.05,2.0,ETHUSDT,30m,2025-04,0,0,0,0.0,0.0,0.0,0.0
272,10,0.05,2.0,ETHUSDT,30m,2025-05,0,0,0,0.0,0.0,0.0,0.0
273,10,0.05,2.0,ETHUSDT,1h,2025-03,0,0,0,0.0,0.0,0.0,0.0
274,10,0.05,2.0,ETHUSDT,1h,2025-04,0,0,0,0.0,0.0,0.0,0.0
275,10,0.05,2.0,ETHUSDT,1h,2025-05,0,0,0,0.0,0.0,0.0,0.0
276,10,0.05,2.0,SOLUSDT,1m,2025-03,1,1,0,3.9080459770114993,0.0,3.9080459770114993,1.0
277,10,0.05,2.0,SOLUSDT,1m,2025-04,3,2,1,40.47984583904483,-2.379547689282218,38.10029814976261,0.6666666666666666
278,10,0.05,2.0,SOLUSDT,1m,2025-05,1,0,1,0.0,-1.5426124699395831,-1.5426124699395831,0.0
279,10,0.05,2.0,SOLUSDT,5m,2025-03,0,0,0,0.0,0.0,0.0,0.0
280,10,0.05,2.0,SOLUSDT,5m,2025-04,0,0,0,0.0,0.0,0.0,0.0
281,10,0.05,2.0,SOLUSDT,5m,2025-05,0,0,0,0.0,0.0,0.0,0.0
282,10,0.05,2.0,SOLUSDT,30m,2025-03,0,0,0,0.0,0.0,0.0,0.0
283,10,0.05,2.0,SOLUSDT,30m,2025-04,0,0,0,0.0,0.0,0.0,0.0
284,10,0.05,2.0,SOLUSDT,30m,2025-05,0,0,0,0.0,0.0,0.0,0.0
285,10,0.05,2.0,SOLUSDT,1h,2025-03,0,0,0,0.0,0.0,0.0,0.0
286,10,0.05,2.0,SOLUSDT,1h,2025-04,0,0,0,0.0,0.0,0.0,0.0
287,10,0.05,2.0,SOLUSDT,1h,2025-05,0,0,0,0.0,0.0,0.0,0.0
288,10,0.05,2.5,BTCUSDT,1m,2025-03,2,1,1,0.7391082262203138,-0.1625282270360604,0.5765799991842534,0.5
289,10,0.05,2.5,BTCUSDT,1m,2025-04,6,6,0,13.542292274729942,0.0,13.542292274729942,1.0
290,10,0.05,2.5,BTCUSDT,1m,2025-05,8,6,2,10.884047952544483,-1.678606244817075,9.205441707727408,0.75
291,10,0.05,2.5,BTCUSDT,5m,2025-03,1,0,1,0.0,-6.941373676032577,-6.941373676032577,0.0
292,10,0.05,2.5,BTCUSDT,5m,2025-04,1,1,0,7.748246828143017,0.0,7.748246828143017,1.0
293,10,0.05,2.5,BTCUSDT,5m,2025-05,2,2,0,3.183134806844551,0.0,3.183134806844551,1.0
294,10,0.05,2.5,BTCUSDT,30m,2025-03,1,1,0,5.930480298390896,0.0,5.930480298390896,1.0
295,10,0.05,2.5,BTCUSDT,30m,2025-04,0,0,0,0.0,0.0,0.0,0.0
296,10,0.05,2.5,BTCUSDT,30m,2025-05,0,0,0,0.0,0.0,0.0,0.0
297,10,0.05,2.5,BTCUSDT,1h,2025-03,0,0,0,0.0,0.0,0.0,0.0
298,10,0.05,2.5,BTCUSDT,1h,2025-04,0,0,0,0.0,0.0,0.0,0.0
299,10,0.05,2.5,BTCUSDT,1h,2025-05,0,0,0,0.0,0.0,0.0,0.0
300,10,0.05,2.5,ETHUSDT,1m,2025-03,4,4,0,8.165006089259052,0.0,8.165006089259052,1.0
301,10,0.05,2.5,ETHUSDT,1m,2025-04,4,3,1,10.06272264198697,-0.3237706745129478,9.738951967474021,0.75
302,10,0.05,2.5,ETHUSDT,1m,2025-05,4,3,1,4.1076283212150635,-0.6105397202376577,3.4970886009774063,0.75
303,10,0.05,2.5,ETHUSDT,5m,2025-03,1,1,0,1.7700334524443093,0.0,1.7700334524443093,1.0
304,10,0.05,2.5,ETHUSDT,5m,2025-04,2,1,1,27.11092034195372,-8.715669424873951,18.395250917079768,0.5
305,10,0.05,2.5,ETHUSDT,5m,2025-05,0,0,0,0.0,0.0,0.0,0.0
306,10,0.05,2.5,ETHUSDT,30m,2025-03,1,1,0,8.217182497331912,0.0,8.217182497331912,1.0
307,10,0.05,2.5,ETHUSDT,30m,2025-04,0,0,0,0.0,0.0,0.0,0.0
308,10,0.05,2.5,ETHUSDT,30m,2025-05,0,0,0,0.0,0.0,0.0,0.0
309,10,0.05,2.5,ETHUSDT,1h,2025-03,0,0,0,0.0,0.0,0.0,0.0
310,10,0.05,2.5,ETHUSDT,1h,2025-04,0,0,0,0.0,0.0,0.0,0.0
311,10,0.05,2.5,ETHUSDT,1h,2025-05,0,0,0,0.0,0.0,0.0,0.0
312,10,0.05,2.5,SOLUSDT,1m,2025-03,1,1,0,3.9080459770114993,0.0,3.9080459770114993,1.0
313,10,0.05,2.5,SOLUSDT,1m,2025-04,3,2,1,40.47984583904483,-2.379547689282218,38.10029814976261,0.6666666666666666
314,10,0.05,2.5,SOLUSDT,1m,2025-05,1,0,1,0.0,-1.5426124699395831,-1.5426124699395831,0.0
315,10,0.05,2.5,SOLUSDT,5m,2025-03,0,0,0,0.0,0.0,0.0,0.0
316,10,0.05,2.5,SOLUSDT,5m,2025-04,0,0,0,0.0,0.0,0.0,0.0
317,10,0.05,2.5,SOLUSDT,5m,2025-05,0,0,0,0.0,0.0,0.0,0.0
318,10,0.05,2.5,SOLUSDT,30m,2025-03,0,0,0,0.0,0.0,0.0,0.0
319,10,0.05,2.5,SOLUSDT,30m,2025-04,0,0,0,0.0,0.0,0.0,0.0
320,10,0.05,2.5,SOLUSDT,30m,2025-05,0,0,0,0.0,0.0,0.0,0.0
321,10,0.05,2.5,SOLUSDT,1h,2025-03,0,0,0,0.0,0.0,0.0,0.0
322,10,0.05,2.5,SOLUSDT,1h,2025-04,0,0,0,0.0,0.0,0.0,0.0
323,10,0.05,2.5,SOLUSDT,1h,2025-05,0,0,0,0.0,0.0,0.0,0.0
324,20,0.02,1.5,BTCUSDT,1m,2025-03,2,1,1,0.7391082262203138,-0.1625282270360604,0.5765799991842534,0.5
325,20,0.02,1.5,BTCUSDT,1m,2025-04,6,6,0,13.542292274729942,0.0,13.542292274729942,1.0
326,20,0.02,1.5,BTCUSDT,1m,2025-05,8,6,2,10.884047952544483,-1.678606244817075,9.205441707727408,0.75
327,20,0.02,1.5,BTCUSDT,5m,2025-03,1,0,1,0.0,-6.941373676032577,-6.941373676032577,0.0
328,20,0.02,1.5,BTCUSDT,5m,2025-04,1,1,0,7.748246828143017,0.0,7.748246828143017,1.0
329,20,0.02,1.5,BTCUSDT,5m,2025-05,2,2,0,3.183134806844551,0.0,3.183134806844551,1.0
330,20,0.02,1.5,BTCUSDT,30m,2025-03,1,1,0,5.930480298390896,0.0,5.930480298390896,1.0
331,20,0.02,1.5,BTCUSDT,30m,2025-04,0,0,0,0.0,0.0,0.0,0.0
332,20,0.02,1.5,BTCUSDT,30m,2025-05,0,0,0,0.0,0.0,0.0,0.0
333,20,0.02,1.5,BTCUSDT,1h,2025-03,0,0,0,0.0,0.0,0.0,0.0
334,20,0.02,1.5,BTCUSDT,1h,2025-04,0,0,0,0.0,0.0,0.0,0.0
335,20,0.02,1.5,BTCUSDT,1h,2025-05,0,0,0,0.0,0.0,0.0,0.0
336,20,0.02,1.5,ETHUSDT,1m,2025-03,4,4,0,8.165006089259052,0.0,8.165006089259052,1.0
337,20,0.02,1.5,ETHUSDT,1m,2025-04,4,3,1,10.06272264198697,-0.3237706745129478,9.738951967474021,0.75
338,20,0.02,1.5,ETHUSDT,1m,2025-05,4,3,1,4.1076283212150635,-0.6105397202376577,3.4970886009774063,0.75
339,20,0.02,1.5,ETHUSDT,5m,2025-03,1,1,0,1.7700334524443093,0.0,1.7700334524443093,1.0
340,20,0.02,1.5,ETHUSDT,5m,2025-04,2,1,1,27.11092034195372,-8.715669424873951,18.395250917079768,0.5
341,20,0.02,1.5,ETHUSDT,5m,2025-05,0,0,0,0.0,0.0,0.0,0.0
342,20,0.02,1.5,ETHUSDT,30m,2025-03,1,1,0,8.217182497331912,0.0,8.217182497331912,1.0
343,20,0.02,1.5,ETHUSDT,30m,2025-04,0,0,0,0.0,0.0,0.0,0.0
344,20,0.02,1.5,ETHUSDT,30m,2025-05,0,0,0,0.0,0.0,0.0,0.0
345,20,0.02,1.5,ETHUSDT,1h,2025-03,0,0,0,0.0,0.0,0.0,0.0
346,20,0.02,1.5,ETHUSDT,1h,2025-04,0,0,0,0.0,0.0,0.0,0.0
347,20,0.02,1.5,ETHUSDT,1h,2025-05,0,0,0,0.0,0.0,0.0,0.0
348,20,0.02,1.5,SOLUSDT,1m,2025-03,1,1,0,3.9080459770114993,0.0,3.9080459770114993,1.0
349,20,0.02,1.5,SOLUSDT,1m,2025-04,3,2,1,40.47984583904483,-2.379547689282218,38.10029814976261,0.6666666666666666
350,20,0.02,1.5,SOLUSDT,1m,2025-05,1,0,1,0.0,-1.5426124699395831,-1.5426124699395831,0.0
351,20,0.02,1.5,SOLUSDT,5m,2025-03,0,0,0,0.0,0.0,0.0,0.0
352,20,0.02,1.5,SOLUSDT,5m,2025-04,0,0,0,0.0,0.0,0.0,0.0
353,20,0.02,1.5,SOLUSDT,5m,2025-05,0,0,0,0.0,0.0,0.0,0.0
354,20,0.02,1.5,SOLUSDT,30m,2025-03,0,0,0,0.0,0.0,0.0,0.0
355,20,0.02,1.5,SOLUSDT,30m,2025-04,0,0,0,0.0,0.0,0.0,0.0
356,20,0.02,1.5,SOLUSDT,30m,2025-05,0,0,0,0.0,0.0,0.0,0.0
357,20,0.02,1.5,SOLUSDT,1h,2025-03,0,0,0,0.0,0.0,0.0,0.0
358,20,0.02,1.5,SOLUSDT,1h,2025-04,0,0,0,0.0,0.0,0.0,0.0
359,20,0.02,1.5,SOLUSDT,1h,2025-05,0,0,0,0.0,0.0,0.0,0.0
360,20,0.02,2.0,BTCUSDT,1m,2025-03,2,1,1,0.7391082262203138,-0.1625282270360604,0.5765799991842534,0.5
361,20,0.02,2.0,BTCUSDT,1m,2025-04,6,6,0,13.542292274729942,0.0,13.542292274729942,1.0
362,20,0.02,2.0,BTCUSDT,1m,2025-05,8,6,2,10.884047952544483,-1.678606244817075,9.205441707727408,0.75
363,20,0.02,2.0,BTCUSDT,5m,2025-03,1,0,1,0.0,-6.941373676032577,-6.941373676032577,0.0
364,20,0.02,2.0,BTCUSDT,5m,2025-04,1,1,0,7.748246828143017,0.0,7.748246828143017,1.0
365,20,0.02,2.0,BTCUSDT,5m,2025-05,2,2,0,3.183134806844551,0.0,3.183134806844551,1.0
366,20,0.02,2.0,BTCUSDT,30m,2025-03,1,1,0,5.930480298390896,0.0,5.930480298390896,1.0
367,20,0.02,2.0,BTCUSDT,30m,2025-04,0,0,0,0.0,0.0,0.0,0.0
368,20,0.02,2.0,BTCUSDT,30m,2025-05,0,0,0,0.0,0.0,0.0,0.0
369,20,0.02,2.0,BTCUSDT,1h,2025-03,0,0,0,0.0,0.0,0.0,0.0
370,20,0.02,2.0,BTCUSDT,1h,2025-04,0,0,0,0.0,0.0,0.0,0.0
371,20,0.02,2.0,BTCUSDT,1h,2025-05,0,0,0,0.0,0.0,0.0,0.0
372,20,0.02,2.0,ETHUSDT,1m,2025-03,4,4,0,8.165006089259052,0.0,8.165006089259052,1.0
373,20,0.02,2.0,ETHUSDT,1m,2025-04,4,3,1,10.06272264198697,-0.3237706745129478,9.738951967474021,0.75
374,20,0.02,2.0,ETHUSDT,1m,2025-05,4,3,1,4.1076283212150635,-0.6105397202376577,3.4970886009774063,0.75
375,20,0.02,2.0,ETHUSDT,5m,2025-03,1,1,0,1.7700334524443093,0.0,1.7700334524443093,1.0
376,20,0.02,2.0,ETHUSDT,5m,2025-04,2,1,1,27.11092034195372,-8.715669424873951,18.395250917079768,0.5
377,20,0.02,2.0,ETHUSDT,5m,2025-05,0,0,0,0.0,0.0,0.0,0.0
378,20,0.02,2.0,ETHUSDT,30m,2025-03,1,1,0,8.217182497331912,0.0,8.217182497331912,1.0
379,20,0.02,2.0,ETHUSDT,30m,2025-04,0,0,0,0.0,0.0,0.0,0.0
380,20,0.02,2.0,ETHUSDT,30m,2025-05,0,0,0,0.0,0.0,0.0,0.0
381,20,0.02,2.0,ETHUSDT,1h,2025-03,0,0,0,0.0,0.0,0.0,0.0
382,20,0.02,2.0,ETHUSDT,1h,2025-04,0,0,0,0.0,0.0,0.0,0.0
383,20,0.02,2.0,ETHUSDT,1h,2025-05,0,0,0,0.0,0.0,0.0,0.0
384,20,0.02,2.0,SOLUSDT,1m,2025-03,1,1,0,3.9080459770114993,0.0,3.9080459770114993,1.0
385,20,0.02,2.0,SOLUSDT,1m,2025-04,3,2,1,40.47984583904483,-2.379547689282218,38.10029814976261,0.6666666666666666
386,20,0.02,2.0,SOLUSDT,1m,2025-05,1,0,1,0.0,-1.5426124699395831,-1.5426124699395831,0.0
387,20,0.02,2.0,SOLUSDT,5m,2025-03,0,0,0,0.0,0.0,0.0,0.0
388,20,0.02,2.0,SOLUSDT,5m,2025-04,0,0,0,0.0,0.0,0.0,0.0
389,20,0.02,2.0,SOLUSDT,5m,2025-05,0,0,0,0.0,0.0,0.0,0.0
390,20,0.02,2.0,SOLUSDT,30m,2025-03,0,0,0,0.0,0.0,0.0,0.0
391,20,0.02,2.0,SOLUSDT,30m,2025-04,0,0,0,0.0,0.0,0.0,0.0
392,20,0.02,2.0,SOLUSDT,30m,2025-05,0,0,0,0.0,0.0,0.0,0.0
393,20,0.02,2.0,SOLUSDT,1h,2025-03,0,0,0,0.0,0.0,0.0,0.0
394,20,0.02,2.0,SOLUSDT,1h,2025-04,0,0,0,0.0,0.0,0.0,0.0
395,20,0.02,2.0,SOLUSDT,1h,2025-05,0,0,0,0.0,0.0,0.0,0.0
396,20,0.02,2.5,BTCUSDT,1m,2025-03,2,1,1,0.7391082262203138,-0.1625282270360604,0.5765799991842534,0.5
397,20,0.02,2.5,BTCUSDT,1m,2025-04,6,6,0,13.542292274729942,0.0,13.542292274729942,1.0
398,20,0.02,2.5,BTCUSDT,1m,2025-05,8,6,2,10.884047952544483,-1.678606244817075,9.205441707727408,0.75
399,20,0.02,2.5,BTCUSDT,5m,2025-03,1,0,1,0.0,-6.941373676032577,-6.941373676032577,0.0
400,20,0.02,2.5,BTCUSDT,5m,2025-04,1,1,0,7.748246828143017,0.0,7.748246828143017,1.0
401,20,0.02,2.5,BTCUSDT,5m,2025-05,2,2,0,3.183134806844551,0.0,3.183134806844551,1.0
402,20,0.02,2.5,BTCUSDT,30m,2025-03,1,1,0,5.930480298390896,0.0,5.930480298390896,1.0
403,20,0.02,2.5,BTCUSDT,30m,2025-04,0,0,0,0.0,0.0,0.0,0.0
404,20,0.02,2.5,BTCUSDT,30m,2025-05,0,0,0,0.0,0.0,0.0,0.0
405,20,0.02,2.5,BTCUSDT,1h,2025-03,0,0,0,0.0,0.0,0.0,0.0
406,20,0.02,2.5,BTCUSDT,1h,2025-04,0,0,0,0.0,0.0,0.0,0.0
407,20,0.02,2.5,BTCUSDT,1h,2025-05,0,0,0,0.0,0.0,0.0,0.0
408,20,0.02,2.5,ETHUSDT,1m,2025-03,4,4,0,8.165006089259052,0.0,8.165006089259052,1.0
409,20,0.02,2.5,ETHUSDT,1m,2025-04,4,3,1,10.06272264198697,-0.3237706745129478,9.738951967474021,0.75
410,20,0.02,2.5,ETHUSDT,1m,2025-05,4,3,1,4.1076283212150635,-0.6105397202376577,3.4970886009774063,0.75
411,20,0.02,2.5,ETHUSDT,5m,2025-03,1,1,0,1.7700334524443093,0.0,1.7700334524443093,1.0
412,20,0.02,2.5,ETHUSDT,5m,2025-04,2,1,1,27.11092034195372,-8.715669424873951,18.395250917079768,0.5
413,20,0.02,2.5,ETHUSDT,5m,2025-05,0,0,0,0.0,0.0,0.0,0.0
414,20,0.02,2.5,ETHUSDT,30m,2025-03,1,1,0,8.217182497331912,0.0,8.217182497331912,1.0
415,20,0.02,2.5,ETHUSDT,30m,2025-04,0,0,0,0.0,0.0,0.0,0.0
416,20,0.02,2.5,ETHUSDT,30m,2025-05,0,0,0,0.0,0.0,0.0,0.0
417,20,0.02,2.5,ETHUSDT,1h,2025-03,0,0,0,0.0,0.0,0.0,0.0
418,20,0.02,2.5,ETHUSDT,1h,2025-04,0,0,0,0.0,0.0,0.0,0.0
419,20,0.02,2.5,ETHUSDT,1h,2025-05,0,0,0,0.0,0.0,0.0,0.0
420,20,0.02,2.5,SOLUSDT,1m,2025-03,1,1,0,3.9080459770114993,0.0,3.9080459770114993,1.0
421,20,0.02,2.5,SOLUSDT,1m,2025-04,3,2,1,40.47984583904483,-2.379547689282218,38.10029814976261,0.6666666666666666
422,20,0.02,2.5,SOLUSDT,1m,2025-05,1,0,1,0.0,-1.5426124699395831,-1.5426124699395831,0.0
423,20,0.02,2.5,SOLUSDT,5m,2025-03,0,0,0,0.0,0.0,0.0,0.0
424,20,0.02,2.5,SOLUSDT,5m,2025-04,0,0,0,0.0,0.0,0.0,0.0
425,20,0.02,2.5,SOLUSDT,5m,2025-05,0,0,0,0.0,0.0,0.0,0.0
426,20,0.02,2.5,SOLUSDT,30m,2025-03,0,0,0,0.0,0.0,0.0,0.0
427,20,0.02,2.5,SOLUSDT,30m,2025-04,0,0,0,0.0,0.0,0.0,0.0
428,20,0.02,2.5,SOLUSDT,30m,2025-05,0,0,0,0.0,0.0,0.0,0.0
429,20,0.02,2.5,SOLUSDT,1h,2025-03,0,0,0,0.0,0.0,0.0,0.0
430,20,0.02,2.5,SOLUSDT,1h,2025-04,0,0,0,0.0,0.0,0.0,0.0
431,20,0.02,2.5,SOLUSDT,1h,2025-05,0,0,0,0.0,0.0,0.0,0.0
432,20,0.03,1.5,BTCUSDT,1m,2025-03,2,1,1,0.7391082262203138,-0.1625282270360604,0.5765799991842534,0.5
433,20,0.03,1.5,BTCUSDT,1m,2025-04,6,6,0,13.542292274729942,0.0,13.542292274729942,1.0
434,20,0.03,1.5,BTCUSDT,1m,2025-05,8,6,2,10.884047952544483,-1.678606244817075,9.205441707727408,0.75
435,20,0.03,1.5,BTCUSDT,5m,2025-03,1,0,1,0.0,-6.941373676032577,-6.941373676032577,0.0
436,20,0.03,1.5,BTCUSDT,5m,2025-04,1,1,0,7.748246828143017,0.0,7.748246828143017,1.0
437,20,0.03,1.5,BTCUSDT,5m,2025-05,2,2,0,3.183134806844551,0.0,3.183134806844551,1.0
438,20,0.03,1.5,BTCUSDT,30m,2025-03,1,1,0,5.930480298390896,0.0,5.930480298390896,1.0
439,20,0.03,1.5,BTCUSDT,30m,2025-04,0,0,0,0.0,0.0,0.0,0.0
440,20,0.03,1.5,BTCUSDT,30m,2025-05,0,0,0,0.0,0.0,0.0,0.0
441,20,0.03,1.5,BTCUSDT,1h,2025-03,0,0,0,0.0,0.0,0.0,0.0
442,20,0.03,1.5,BTCUSDT,1h,2025-04,0,0,0,0.0,0.0,0.0,0.0
443,20,0.03,1.5,BTCUSDT,1h,2025-05,0,0,0,0.0,0.0,0.0,0.0
444,20,0.03,1.5,ETHUSDT,1m,2025-03,4,4,0,8.165006089259052,0.0,8.165006089259052,1.0
445,20,0.03,1.5,ETHUSDT,1m,2025-04,4,3,1,10.06272264198697,-0.3237706745129478,9.738951967474021,0.75
446,20,0.03,1.5,ETHUSDT,1m,2025-05,4,3,1,4.1076283212150635,-0.6105397202376577,3.4970886009774063,0.75
447,20,0.03,1.5,ETHUSDT,5m,2025-03,1,1,0,1.7700334524443093,0.0,1.7700334524443093,1.0
448,20,0.03,1.5,ETHUSDT,5m,2025-04,2,1,1,27.11092034195372,-8.715669424873951,18.395250917079768,0.5
449,20,0.03,1.5,ETHUSDT,5m,2025-05,0,0,0,0.0,0.0,0.0,0.0
450,20,0.03,1.5,ETHUSDT,30m,2025-03,1,1,0,8.217182497331912,0.0,8.217182497331912,1.0
451,20,0.03,1.5,ETHUSDT,30m,2025-04,0,0,0,0.0,0.0,0.0,0.0
452,20,0.03,1.5,ETHUSDT,30m,2025-05,0,0,0,0.0,0.0,0.0,0.0
453,20,0.03,1.5,ETHUSDT,1h,2025-03,0,0,0,0.0,0.0,0.0,0.0
454,20,0.03,1.5,ETHUSDT,1h,2025-04,0,0,0,0.0,0.0,0.0,0.0
455,20,0.03,1.5,ETHUSDT,1h,2025-05,0,0,0,0.0,0.0,0.0,0.0
456,20,0.03,1.5,SOLUSDT,1m,2025-03,1,1,0,3.9080459770114993,0.0,3.9080459770114993,1.0
457,20,0.03,1.5,SOLUSDT,1m,2025-04,3,2,1,40.47984583904483,-2.379547689282218,38.10029814976261,0.6666666666666666
458,20,0.03,1.5,SOLUSDT,1m,2025-05,1,0,1,0.0,-1.5426124699395831,-1.5426124699395831,0.0
459,20,0.03,1.5,SOLUSDT,5m,2025-03,0,0,0,0.0,0.0,0.0,0.0
460,20,0.03,1.5,SOLUSDT,5m,2025-04,0,0,0,0.0,0.0,0.0,0.0
461,20,0.03,1.5,SOLUSDT,5m,2025-05,0,0,0,0.0,0.0,0.0,0.0
462,20,0.03,1.5,SOLUSDT,30m,2025-03,0,0,0,0.0,0.0,0.0,0.0
463,20,0.03,1.5,SOLUSDT,30m,2025-04,0,0,0,0.0,0.0,0.0,0.0
464,20,0.03,1.5,SOLUSDT,30m,2025-05,0,0,0,0.0,0.0,0.0,0.0
465,20,0.03,1.5,SOLUSDT,1h,2025-03,0,0,0,0.0,0.0,0.0,0.0
466,20,0.03,1.5,SOLUSDT,1h,2025-04,0,0,0,0.0,0.0,0.0,0.0
467,20,0.03,1.5,SOLUSDT,1h,2025-05,0,0,0,0.0,0.0,0.0,0.0
468,20,0.03,2.0,BTCUSDT,1m,2025-03,2,1,1,0.7391082262203138,-0.1625282270360604,0.5765799991842534,0.5
469,20,0.03,2.0,BTCUSDT,1m,2025-04,6,6,0,13.542292274729942,0.0,13.542292274729942,1.0
470,20,0.03,2.0,BTCUSDT,1m,2025-05,8,6,2,10.884047952544483,-1.678606244817075,9.205441707727408,0.75
471,20,0.03,2.0,BTCUSDT,5m,2025-03,1,0,1,0.0,-6.941373676032577,-6.941373676032577,0.0
472,20,0.03,2.0,BTCUSDT,5m,2025-04,1,1,0,7.748246828143017,0.0,7.748246828143017,1.0
473,20,0.03,2.0,BTCUSDT,5m,2025-05,2,2,0,3.183134806844551,0.0,3.183134806844551,1.0
474,20,0.03,2.0,BTCUSDT,30m,2025-03,1,1,0,5.930480298390896,0.0,5.930480298390896,1.0
475,20,0.03,2.0,BTCUSDT,30m,2025-04,0,0,0,0.0,0.0,0.0,0.0
476,20,0.03,2.0,BTCUSDT,30m,2025-05,0,0,0,0.0,0.0,0.0,0.0
477,20,0.03,2.0,BTCUSDT,1h,2025-03,0,0,0,0.0,0.0,0.0,0.0
478,20,0.03,2.0,BTCUSDT,1h,2025-04,0,0,0,0.0,0.0,0.0,0.0
479,20,0.03,2.0,BTCUSDT,1h,2025-05,0,0,0,0.0,0.0,0.0,0.0
480,20,0.03,2.0,ETHUSDT,1m,2025-03,4,4,0,8.165006089259052,0.0,8.165006089259052,1.0
481,20,0.03,2.0,ETHUSDT,1m,2025-04,4,3,1,10.06272264198697,-0.3237706745129478,9.738951967474021,0.75
482,20,0.03,2.0,ETHUSDT,1m,2025-05,4,3,1,4.1076283212150635,-0.6105397202376577,3.4970886009774063,0.75
483,20,0.03,2.0,ETHUSDT,5m,2025-03,1,1,0,1.7700334524443093,0.0,1.7700334524443093,1.0
484,20,0.03,2.0,ETHUSDT,5m,2025-04,2,1,1,27.11092034195372,-8.715669424873951,18.395250917079768,0.5
485,20,0.03,2.0,ETHUSDT,5m,2025-05,0,0,0,0.0,0.0,0.0,0.0
486,20,0.03,2.0,ETHUSDT,30m,2025-03,1,1,0,8.217182497331912,0.0,8.217182497331912,1.0
487,20,0.03,2.0,ETHUSDT,30m,2025-04,0,0,0,0.0,0.0,0.0,0.0
488,20,0.03,2.0,ETHUSDT,30m,2025-05,0,0,0,0.0,0.0,0.0,0.0
489,20,0.03,2.0,ETHUSDT,1h,2025-03,0,0,0,0.0,0.0,0.0,0.0
490,20,0.03,2.0,ETHUSDT,1h,2025-04,0,0,0,0.0,0.0,0.0,0.0
491,20,0.03,2.0,ETHUSDT,1h,2025-05,0,0,0,0.0,0.0,0.0,0.0
492,20,0.03,2.0,SOLUSDT,1m,2025-03,1,1,0,3.9080459770114993,0.0,3.9080459770114993,1.0
493,20,0.03,2.0,SOLUSDT,1m,2025-04,3,2,1,40.47984583904483,-2.379547689282218,38.10029814976261,0.6666666666666666
494,20,0.03,2.0,SOLUSDT,1m,2025-05,1,0,1,0.0,-1.5426124699395831,-1.5426124699395831,0.0
495,20,0.03,2.0,SOLUSDT,5m,2025-03,0,0,0,0.0,0.0,0.0,0.0
496,20,0.03,2.0,SOLUSDT,5m,2025-04,0,0,0,0.0,0.0,0.0,0.0
497,20,0.03,2.0,SOLUSDT,5m,2025-05,0,0,0,0.0,0.0,0.0,0.0
498,20,0.03,2.0,SOLUSDT,30m,2025-03,0,0,0,0.0,0.0,0.0,0.0
499,20,0.03,2.0,SOLUSDT,30m,2025-04,0,0,0,0.0,0.0,0.0,0.0
500,20,0.03,2.0,SOLUSDT,30m,2025-05,0,0,0,0.0,0.0,0.0,0.0
501,20,0.03,2.0,SOLUSDT,1h,2025-03,0,0,0,0.0,0.0,0.0,0.0
502,20,0.03,2.0,SOLUSDT,1h,2025-04,0,0,0,0.0,0.0,0.0,0.0
503,20,0.03,2.0,SOLUSDT,1h,2025-05,0,0,0,0.0,0.0,0.0,0.0
504,20,0.03,2.5,BTCUSDT,1m,2025-03,2,1,1,0.7391082262203138,-0.1625282270360604,0.5765799991842534,0.5
505,20,0.03,2.5,BTCUSDT,1m,2025-04,6,6,0,13.542292274729942,0.0,13.542292274729942,1.0
506,20,0.03,2.5,BTCUSDT,1m,2025-05,8,6,2,10.884047952544483,-1.678606244817075,9.205441707727408,0.75
507,20,0.03,2.5,BTCUSDT,5m,2025-03,1,0,1,0.0,-6.941373676032577,-6.941373676032577,0.0
508,20,0.03,2.5,BTCUSDT,5m,2025-04,1,1,0,7.748246828143017,0.0,7.748246828143017,1.0
509,20,0.03,2.5,BTCUSDT,5m,2025-05,2,2,0,3.183134806844551,0.0,3.183134806844551,1.0
510,20,0.03,2.5,BTCUSDT,30m,2025-03,1,1,0,5.930480298390896,0.0,5.930480298390896,1.0
511,20,0.03,2.5,BTCUSDT,30m,2025-04,0,0,0,0.0,0.0,0.0,0.0
512,20,0.03,2.5,BTCUSDT,30m,2025-05,0,0,0,0.0,0.0,0.0,0.0
513,20,0.03,2.5,BTCUSDT,1h,2025-03,0,0,0,0.0,0.0,0.0,0.0
514,20,0.03,2.5,BTCUSDT,1h,2025-04,0,0,0,0.0,0.0,0.0,0.0
515,20,0.03,2.5,BTCUSDT,1h,2025-05,0,0,0,0.0,0.0,0.0,0.0
516,20,0.03,2.5,ETHUSDT,1m,2025-03,4,4,0,8.165006089259052,0.0,8.165006089259052,1.0
517,20,0.03,2.5,ETHUSDT,1m,2025-04,4,3,1,10.06272264198697,-0.3237706745129478,9.738951967474021,0.75
518,20,0.03,2.5,ETHUSDT,1m,2025-05,4,3,1,4.1076283212150635,-0.6105397202376577,3.4970886009774063,0.75
519,20,0.03,2.5,ETHUSDT,5m,2025-03,1,1,0,1.7700334524443093,0.0,1.7700334524443093,1.0
520,20,0.03,2.5,ETHUSDT,5m,2025-04,2,1,1,27.11092034195372,-8.715669424873951,18.395250917079768,0.5
521,20,0.03,2.5,ETHUSDT,5m,2025-05,0,0,0,0.0,0.0,0.0,0.0
522,20,0.03,2.5,ETHUSDT,30m,2025-03,1,1,0,8.217182497331912,0.0,8.217182497331912,1.0
523,20,0.03,2.5,ETHUSDT,30m,2025-04,0,0,0,0.0,0.0,0.0,0.0
524,20,0.03,2.5,ETHUSDT,30m,2025-05,0,0,0,0.0,0.0,0.0,0.0
525,20,0.03,2.5,ETHUSDT,1h,2025-03,0,0,0,0.0,0.0,0.0,0.0
526,20,0.03,2.5,ETHUSDT,1h,2025-04,0,0,0,0.0,0.0,0.0,0.0
527,20,0.03,2.5,ETHUSDT,1h,2025-05,0,0,0,0.0,0.0,0.0,0.0
528,20,0.03,2.5,SOLUSDT,1m,2025-03,1,1,0,3.9080459770114993,0.0,3.9080459770114993,1.0
529,20,0.03,2.5,SOLUSDT,1m,2025-04,3,2,1,40.47984583904483,-2.379547689282218,38.10029814976261,0.6666666666666666
530,20,0.03,2.5,SOLUSDT,1m,2025-05,1,0,1,0.0,-1.5426124699395831,-1.5426124699395831,0.0
531,20,0.03,2.5,SOLUSDT,5m,2025-03,0,0,0,0.0,0.0,0.0,0.0
532,20,0.03,2.5,SOLUSDT,5m,2025-04,0,0,0,0.0,0.0,0.0,0.0
533,20,0.03,2.5,SOLUSDT,5m,2025-05,0,0,0,0.0,0.0,0.0,0.0
534,20,0.03,2.5,SOLUSDT,30m,2025-03,0,0,0,0.0,0.0,0.0,0.0
535,20,0.03,2.5,SOLUSDT,30m,2025-04,0,0,0,0.0,0.0,0.0,0.0
536,20,0.03,2.5,SOLUSDT,30m,2025-05,0,0,0,0.0,0.0,0.0,0.0
537,20,0.03,2.5,SOLUSDT,1h,2025-03,0,0,0,0.0,0.0,0.0,0.0
538,20,0.03,2.5,SOLUSDT,1h,2025-04,0,0,0,0.0,0.0,0.0,0.0
539,20,0.03,2.5,SOLUSDT,1h,2025-05,0,0,0,0.0,0.0,0.0,0.0
540,20,0.05,1.5,BTCUSDT,1m,2025-03,2,1,1,0.7391082262203138,-0.1625282270360604,0.5765799991842534,0.5
541,20,0.05,1.5,BTCUSDT,1m,2025-04,6,6,0,13.542292274729942,0.0,13.542292274729942,1.0
542,20,0.05,1.5,BTCUSDT,1m,2025-05,8,6,2,10.884047952544483,-1.678606244817075,9.205441707727408,0.75
543,20,0.05,1.5,BTCUSDT,5m,2025-03,1,0,1,0.0,-6.941373676032577,-6.941373676032577,0.0
544,20,0.05,1.5,BTCUSDT,5m,2025-04,1,1,0,7.748246828143017,0.0,7.748246828143017,1.0
545,20,0.05,1.5,BTCUSDT,5m,2025-05,2,2,0,3.183134806844551,0.0,3.183134806844551,1.0
546,20,0.05,1.5,BTCUSDT,30m,2025-03,1,1,0,5.930480298390896,0.0,5.930480298390896,1.0
547,20,0.05,1.5,BTCUSDT,30m,2025-04,0,0,0,0.0,0.0,0.0,0.0
548,20,0.05,1.5,BTCUSDT,30m,2025-05,0,0,0,0.0,0.0,0.0,0.0
549,20,0.05,1.5,BTCUSDT,1h,2025-03,0,0,0,0.0,0.0,0.0,0.0
550,20,0.05,1.5,BTCUSDT,1h,2025-04,0,0,0,0.0,0.0,0.0,0.0
551,20,0.05,1.5,BTCUSDT,1h,2025-05,0,0,0,0.0,0.0,0.0,0.0
552,20,0.05,1.5,ETHUSDT,1m,2025-03,4,4,0,8.165006089259052,0.0,8.165006089259052,1.0
553,20,0.05,1.5,ETHUSDT,1m,2025-04,4,3,1,10.06272264198697,-0.3237706745129478,9.738951967474021,0.75
554,20,0.05,1.5,ETHUSDT,1m,2025-05,4,3,1,4.1076283212150635,-0.6105397202376577,3.4970886009774063,0.75
555,20,0.05,1.5,ETHUSDT,5m,2025-03,1,1,0,1.7700334524443093,0.0,1.7700334524443093,1.0
556,20,0.05,1.5,ETHUSDT,5m,2025-04,2,1,1,27.11092034195372,-8.715669424873951,18.395250917079768,0.5
557,20,0.05,1.5,ETHUSDT,5m,2025-05,0,0,0,0.0,0.0,0.0,0.0
558,20,0.05,1.5,ETHUSDT,30m,2025-03,1,1,0,8.217182497331912,0.0,8.217182497331912,1.0
559,20,0.05,1.5,ETHUSDT,30m,2025-04,0,0,0,0.0,0.0,0.0,0.0
560,20,0.05,1.5,ETHUSDT,30m,2025-05,0,0,0,0.0,0.0,0.0,0.0
561,20,0.05,1.5,ETHUSDT,1h,2025-03,0,0,0,0.0,0.0,0.0,0.0
562,20,0.05,1.5,ETHUSDT,1h,2025-04,0,0,0,0.0,0.0,0.0,0.0
563,20,0.05,1.5,ETHUSDT,1h,2025-05,0,0,0,0.0,0.0,0.0,0.0
564,20,0.05,1.5,SOLUSDT,1m,2025-03,1,1,0,3.9080459770114993,0.0,3.9080459770114993,1.0
565,20,0.05,1.5,SOLUSDT,1m,2025-04,3,2,1,40.47984583904483,-2.379547689282218,38.10029814976261,0.6666666666666666
566,20,0.05,1.5,SOLUSDT,1m,2025-05,1,0,1,0.0,-1.5426124699395831,-1.5426124699395831,0.0
567,20,0.05,1.5,SOLUSDT,5m,2025-03,0,0,0,0.0,0.0,0.0,0.0
568,20,0.05,1.5,SOLUSDT,5m,2025-04,0,0,0,0.0,0.0,0.0,0.0
569,20,0.05,1.5,SOLUSDT,5m,2025-05,0,0,0,0.0,0.0,0.0,0.0
570,20,0.05,1.5,SOLUSDT,30m,2025-03,0,0,0,0.0,0.0,0.0,0.0
571,20,0.05,1.5,SOLUSDT,30m,2025-04,0,0,0,0.0,0.0,0.0,0.0
572,20,0.05,1.5,SOLUSDT,30m,2025-05,0,0,0,0.0,0.0,0.0,0.0
573,20,0.05,1.5,SOLUSDT,1h,2025-03,0,0,0,0.0,0.0,0.0,0.0
574,20,0.05,1.5,SOLUSDT,1h,2025-04,0,0,0,0.0,0.0,0.0,0.0
575,20,0.05,1.5,SOLUSDT,1h,2025-05,0,0,0,0.0,0.0,0.0,0.0
576,20,0.05,2.0,BTCUSDT,1m,2025-03,2,1,1,0.7391082262203138,-0.1625282270360604,0.5765799991842534,0.5
577,20,0.05,2.0,BTCUSDT,1m,2025-04,6,6,0,13.542292274729942,0.0,13.542292274729942,1.0
578,20,0.05,2.0,BTCUSDT,1m,2025-05,8,6,2,10.884047952544483,-1.678606244817075,9.205441707727408,0.75
579,20,0.05,2.0,BTCUSDT,5m,2025-03,1,0,1,0.0,-6.941373676032577,-6.941373676032577,0.0
580,20,0.05,2.0,BTCUSDT,5m,2025-04,1,1,0,7.748246828143017,0.0,7.748246828143017,1.0
581,20,0.05,2.0,BTCUSDT,5m,2025-05,2,2,0,3.183134806844551,0.0,3.183134806844551,1.0
582,20,0.05,2.0,BTCUSDT,30m,2025-03,1,1,0,5.930480298390896,0.0,5.930480298390896,1.0
583,20,0.05,2.0,BTCUSDT,30m,2025-04,0,0,0,0.0,0.0,0.0,0.0
584,20,0.05,2.0,BTCUSDT,30m,2025-05,0,0,0,0.0,0.0,0.0,0.0
585,20,0.05,2.0,BTCUSDT,1h,2025-03,0,0,0,0.0,0.0,0.0,0.0
586,20,0.05,2.0,BTCUSDT,1h,2025-04,0,0,0,0.0,0.0,0.0,0.0
587,20,0.05,2.0,BTCUSDT,1h,2025-05,0,0,0,0.0,0.0,0.0,0.0
588,20,0.05,2.0,ETHUSDT,1m,2025-03,4,4,0,8.165006089259052,0.0,8.165006089259052,1.0
589,20,0.05,2.0,ETHUSDT,1m,2025-04,4,3,1,10.06272264198697,-0.3237706745129478,9.738951967474021,0.75
590,20,0.05,2.0,ETHUSDT,1m,2025-05,4,3,1,4.1076283212150635,-0.6105397202376577,3.4970886009774063,0.75
591,20,0.05,2.0,ETHUSDT,5m,2025-03,1,1,0,1.7700334524443093,0.0,1.7700334524443093,1.0
592,20,0.05,2.0,ETHUSDT,5m,2025-04,2,1,1,27.11092034195372,-8.715669424873951,18.395250917079768,0.5
593,20,0.05,2.0,ETHUSDT,5m,2025-05,0,0,0,0.0,0.0,0.0,0.0
594,20,0.05,2.0,ETHUSDT,30m,2025-03,1,1,0,8.217182497331912,0.0,8.217182497331912,1.0
595,20,0.05,2.0,ETHUSDT,30m,2025-04,0,0,0,0.0,0.0,0.0,0.0
596,20,0.05,2.0,ETHUSDT,30m,2025-05,0,0,0,0.0,0.0,0.0,0.0
597,20,0.05,2.0,ETHUSDT,1h,2025-03,0,0,0,0.0,0.0,0.0,0.0
598,20,0.05,2.0,ETHUSDT,1h,2025-04,0,0,0,0.0,0.0,0.0,0.0
599,20,0.05,2.0,ETHUSDT,1h,2025-05,0,0,0,0.0,0.0,0.0,0.0
600,20,0.05,2.0,SOLUSDT,1m,2025-03,1,1,0,3.9080459770114993,0.0,3.9080459770114993,1.0
601,20,0.05,2.0,SOLUSDT,1m,2025-04,3,2,1,40.47984583904483,-2.379547689282218,38.10029814976261,0.6666666666666666
602,20,0.05,2.0,SOLUSDT,1m,2025-05,1,0,1,0.0,-1.5426124699395831,-1.5426124699395831,0.0
603,20,0.05,2.0,SOLUSDT,5m,2025-03,0,0,0,0.0,0.0,0.0,0.0
604,20,0.05,2.0,SOLUSDT,5m,2025-04,0,0,0,0.0,0.0,0.0,0.0
605,20,0.05,2.0,SOLUSDT,5m,2025-05,0,0,0,0.0,0.0,0.0,0.0
606,20,0.05,2.0,SOLUSDT,30m,2025-03,0,0,0,0.0,0.0,0.0,0.0
607,20,0.05,2.0,SOLUSDT,30m,2025-04,0,0,0,0.0,0.0,0.0,0.0
608,20,0.05,2.0,SOLUSDT,30m,2025-05,0,0,0,0.0,0.0,0.0,0.0
609,20,0.05,2.0,SOLUSDT,1h,2025-03,0,0,0,0.0,0.0,0.0,0.0
610,20,0.05,2.0,SOLUSDT,1h,2025-04,0,0,0,0.0,0.0,0.0,0.0
611,20,0.05,2.0,SOLUSDT,1h,2025-05,0,0,0,0.0,0.0,0.0,0.0
612,20,0.05,2.5,BTCUSDT,1m,2025-03,2,1,1,0.7391082262203138,-0.1625282270360604,0.5765799991842534,0.5
613,20,0.05,2.5,BTCUSDT,1m,2025-04,6,6,0,13.542292274729942,0.0,13.542292274729942,1.0
614,20,0.05,2.5,BTCUSDT,1m,2025-05,8,6,2,10.884047952544483,-1.678606244817075,9.205441707727408,0.75
615,20,0.05,2.5,BTCUSDT,5m,2025-03,1,0,1,0.0,-6.941373676032577,-6.941373676032577,0.0
616,20,0.05,2.5,BTCUSDT,5m,2025-04,1,1,0,7.748246828143017,0.0,7.748246828143017,1.0
617,20,0.05,2.5,BTCUSDT,5m,2025-05,2,2,0,3.183134806844551,0.0,3.183134806844551,1.0
618,20,0.05,2.5,BTCUSDT,30m,2025-03,1,1,0,5.930480298390896,0.0,5.930480298390896,1.0
619,20,0.05,2.5,BTCUSDT,30m,2025-04,0,0,0,0.0,0.0,0.0,0.0
620,20,0.05,2.5,BTCUSDT,30m,2025-05,0,0,0,0.0,0.0,0.0,0.0
621,20,0.05,2.5,BTCUSDT,1h,2025-03,0,0,0,0.0,0.0,0.0,0.0
622,20,0.05,2.5,BTCUSDT,1h,2025-04,0,0,0,0.0,0.0,0.0,0.0
623,20,0.05,2.5,BTCUSDT,1h,2025-05,0,0,0,0.0,0.0,0.0,0.0
624,20,0.05,2.5,ETHUSDT,1m,2025-03,4,4,0,8.165006089259052,0.0,8.165006089259052,1.0
625,20,0.05,2.5,ETHUSDT,1m,2025-04,4,3,1,10.06272264198697,-0.3237706745129478,9.738951967474021,0.75
626,20,0.05,2.5,ETHUSDT,1m,2025-05,4,3,1,4.1076283212150635,-0.6105397202376577,3.4970886009774063,0.75
627,20,0.05,2.5,ETHUSDT,5m,2025-03,1,1,0,1.7700334524443093,0.0,1.7700334524443093,1.0
628,20,0.05,2.5,ETHUSDT,5m,2025-04,2,1,1,27.11092034195372,-8.715669424873951,18.395250917079768,0.5
629,20,0.05,2.5,ETHUSDT,5m,2025-05,0,0,0,0.0,0.0,0.0,0.0
630,20,0.05,2.5,ETHUSDT,30m,2025-03,1,1,0,8.217182497331912,0.0,8.217182497331912,1.0
631,20,0.05,2.5,ETHUSDT,30m,2025-04,0,0,0,0.0,0.0,0.0,0.0
632,20,0.05,2.5,ETHUSDT,30m,2025-05,0,0,0,0.0,0.0,0.0,0.0
633,20,0.05,2.5,ETHUSDT,1h,2025-03,0,0,0,0.0,0.0,0.0,0.0
634,20,0.05,2.5,ETHUSDT,1h,2025-04,0,0,0,0.0,0.0,0.0,0.0
635,20,0.05,2.5,ETHUSDT,1h,2025-05,0,0,0,0.0,0.0,0.0,0.0
636,20,0.05,2.5,SOLUSDT,1m,2025-03,1,1,0,3.9080459770114993,0.0,3.9080459770114993,1.0
637,20,0.05,2.5,SOLUSDT,1m,2025-04,3,2,1,40.47984583904483,-2.379547689282218,38.10029814976261,0.6666666666666666
638,20,0.05,2.5,SOLUSDT,1m,2025-05,1,0,1,0.0,-1.5426124699395831,-1.5426124699395831,0.0
639,20,0.05,2.5,SOLUSDT,5m,2025-03,0,0,0,0.0,0.0,0.0,0.0
640,20,0.05,2.5,SOLUSDT,5m,2025-04,0,0,0,0.0,0.0,0.0,0.0
641,20,0.05,2.5,SOLUSDT,5m,2025-05,0,0,0,0.0,0.0,0.0,0.0
642,20,0.05,2.5,SOLUSDT,30m,2025-03,0,0,0,0.0,0.0,0.0,0.0
643,20,0.05,2.5,SOLUSDT,30m,2025-04,0,0,0,0.0,0.0,0.0,0.0
644,20,0.05,2.5,SOLUSDT,30m,2025-05,0,0,0,0.0,0.0,0.0,0.0
645,20,0.05,2.5,SOLUSDT,1h,2025-03,0,0,0,0.0,0.0,0.0,0.0
646,20,0.05,2.5,SOLUSDT,1h,2025-04,0,0,0,0.0,0.0,0.0,0.0
647,20,0.05,2.5,SOLUSDT,1h,2025-05,0,0,0,0.0,0.0,0.0,0.0
648,30,0.02,1.5,BTCUSDT,1m,2025-03,2,1,1,0.7391082262203138,-0.1625282270360604,0.5765799991842534,0.5
649,30,0.02,1.5,BTCUSDT,1m,2025-04,6,6,0,13.542292274729942,0.0,13.542292274729942,1.0
650,30,0.02,1.5,BTCUSDT,1m,2025-05,8,6,2,10.884047952544483,-1.678606244817075,9.205441707727408,0.75
651,30,0.02,1.5,BTCUSDT,5m,2025-03,1,0,1,0.0,-6.941373676032577,-6.941373676032577,0.0
652,30,0.02,1.5,BTCUSDT,5m,2025-04,1,1,0,7.748246828143017,0.0,7.748246828143017,1.0
653,30,0.02,1.5,BTCUSDT,5m,2025-05,2,2,0,3.183134806844551,0.0,3.183134806844551,1.0
654,30,0.02,1.5,BTCUSDT,30m,2025-03,1,1,0,5.930480298390896,0.0,5.930480298390896,1.0
655,30,0.02,1.5,BTCUSDT,30m,2025-04,0,0,0,0.0,0.0,0.0,0.0
656,30,0.02,1.5,BTCUSDT,30m,2025-05,0,0,0,0.0,0.0,0.0,0.0
657,30,0.02,1.5,BTCUSDT,1h,2025-03,0,0,0,0.0,0.0,0.0,0.0
658,30,0.02,1.5,BTCUSDT,1h,2025-04,0,0,0,0.0,0.0,0.0,0.0
659,30,0.02,1.5,BTCUSDT,1h,2025-05,0,0,0,0.0,0.0,0.0,0.0
660,30,0.02,1.5,ETHUSDT,1m,2025-03,4,4,0,8.165006089259052,0.0,8.165006089259052,1.0
661,30,0.02,1.5,ETHUSDT,1m,2025-04,4,3,1,10.06272264198697,-0.3237706745129478,9.738951967474021,0.75
662,30,0.02,1.5,ETHUSDT,1m,2025-05,4,3,1,4.1076283212150635,-0.6105397202376577,3.4970886009774063,0.75
663,30,0.02,1.5,ETHUSDT,5m,2025-03,1,1,0,1.7700334524443093,0.0,1.7700334524443093,1.0
664,30,0.02,1.5,ETHUSDT,5m,2025-04,2,1,1,27.11092034195372,-8.715669424873951,18.395250917079768,0.5
665,30,0.02,1.5,ETHUSDT,5m,2025-05,0,0,0,0.0,0.0,0.0,0.0
666,30,0.02,1.5,ETHUSDT,30m,2025-03,1,1,0,8.217182497331912,0.0,8.217182497331912,1.0
667,30,0.02,1.5,ETHUSDT,30m,2025-04,0,0,0,0.0,0.0,0.0,0.0
668,30,0.02,1.5,ETHUSDT,30m,2025-05,0,0,0,0.0,0.0,0.0,0.0
669,30,0.02,1.5,ETHUSDT,1h,2025-03,0,0,0,0.0,0.0,0.0,0.0
670,30,0.02,1.5,ETHUSDT,1h,2025-04,0,0,0,0.0,0.0,0.0,0.0
671,30,0.02,1.5,ETHUSDT,1h,2025-05,0,0,0,0.0,0.0,0.0,0.0
672,30,0.02,1.5,SOLUSDT,1m,2025-03,1,1,0,3.9080459770114993,0.0,3.9080459770114993,1.0
673,30,0.02,1.5,SOLUSDT,1m,2025-04,3,2,1,40.47984583904483,-2.379547689282218,38.10029814976261,0.6666666666666666
674,30,0.02,1.5,SOLUSDT,1m,2025-05,1,0,1,0.0,-1.5426124699395831,-1.5426124699395831,0.0
675,30,0.02,1.5,SOLUSDT,5m,2025-03,0,0,0,0.0,0.0,0.0,0.0
676,30,0.02,1.5,SOLUSDT,5m,2025-04,0,0,0,0.0,0.0,0.0,0.0
677,30,0.02,1.5,SOLUSDT,5m,2025-05,0,0,0,0.0,0.0,0.0,0.0
678,30,0.02,1.5,SOLUSDT,30m,2025-03,0,0,0,0.0,0.0,0.0,0.0
679,30,0.02,1.5,SOLUSDT,30m,2025-04,0,0,0,0.0,0.0,0.0,0.0
680,30,0.02,1.5,SOLUSDT,30m,2025-05,0,0,0,0.0,0.0,0.0,0.0
681,30,0.02,1.5,SOLUSDT,1h,2025-03,0,0,0,0.0,0.0,0.0,0.0
682,30,0.02,1.5,SOLUSDT,1h,2025-04,0,0,0,0.0,0.0,0.0,0.0
683,30,0.02,1.5,SOLUSDT,1h,2025-05,0,0,0,0.0,0.0,0.0,0.0
684,30,0.02,2.0,BTCUSDT,1m,2025-03,2,1,1,0.7391082262203138,-0.1625282270360604,0.5765799991842534,0.5
685,30,0.02,2.0,BTCUSDT,1m,2025-04,6,6,0,13.542292274729942,0.0,13.542292274729942,1.0
686,30,0.02,2.0,BTCUSDT,1m,2025-05,8,6,2,10.884047952544483,-1.678606244817075,9.205441707727408,0.75
687,30,0.02,2.0,BTCUSDT,5m,2025-03,1,0,1,0.0,-6.941373676032577,-6.941373676032577,0.0
688,30,0.02,2.0,BTCUSDT,5m,2025-04,1,1,0,7.748246828143017,0.0,7.748246828143017,1.0
689,30,0.02,2.0,BTCUSDT,5m,2025-05,2,2,0,3.183134806844551,0.0,3.183134806844551,1.0
690,30,0.02,2.0,BTCUSDT,30m,2025-03,1,1,0,5.930480298390896,0.0,5.930480298390896,1.0
691,30,0.02,2.0,BTCUSDT,30m,2025-04,0,0,0,0.0,0.0,0.0,0.0
692,30,0.02,2.0,BTCUSDT,30m,2025-05,0,0,0,0.0,0.0,0.0,0.0
693,30,0.02,2.0,BTCUSDT,1h,2025-03,0,0,0,0.0,0.0,0.0,0.0
694,30,0.02,2.0,BTCUSDT,1h,2025-04,0,0,0,0.0,0.0,0.0,0.0
695,30,0.02,2.0,BTCUSDT,1h,2025-05,0,0,0,0.0,0.0,0.0,0.0
696,30,0.02,2.0,ETHUSDT,1m,2025-03,4,4,0,8.165006089259052,0.0,8.165006089259052,1.0
697,30,0.02,2.0,ETHUSDT,1m,2025-04,4,3,1,10.06272264198697,-0.3237706745129478,9.738951967474021,0.75
698,30,0.02,2.0,ETHUSDT,1m,2025-05,4,3,1,4.1076283212150635,-0.6105397202376577,3.4970886009774063,0.75
699,30,0.02,2.0,ETHUSDT,5m,2025-03,1,1,0,1.7700334524443093,0.0,1.7700334524443093,1.0
700,30,0.02,2.0,ETHUSDT,5m,2025-04,2,1,1,27.11092034195372,-8.715669424873951,18.395250917079768,0.5
701,30,0.02,2.0,ETHUSDT,5m,2025-05,0,0,0,0.0,0.0,0.0,0.0
702,30,0.02,2.0,ETHUSDT,30m,2025-03,1,1,0,8.217182497331912,0.0,8.217182497331912,1.0
703,30,0.02,2.0,ETHUSDT,30m,2025-04,0,0,0,0.0,0.0,0.0,0.0
704,30,0.02,2.0,ETHUSDT,30m,2025-05,0,0,0,0.0,0.0,0.0,0.0
705,30,0.02,2.0,ETHUSDT,1h,2025-03,0,0,0,0.0,0.0,0.0,0.0
706,30,0.02,2.0,ETHUSDT,1h,2025-04,0,0,0,0.0,0.0,0.0,0.0
707,30,0.02,2.0,ETHUSDT,1h,2025-05,0,0,0,0.0,0.0,0.0,0.0
708,30,0.02,2.0,SOLUSDT,1m,2025-03,1,1,0,3.9080459770114993,0.0,3.9080459770114993,1.0
709,30,0.02,2.0,SOLUSDT,1m,2025-04,3,2,1,40.47984583904483,-2.379547689282218,38.10029814976261,0.6666666666666666
710,30,0.02,2.0,SOLUSDT,1m,2025-05,1,0,1,0.0,-1.5426124699395831,-1.5426124699395831,0.0
711,30,0.02,2.0,SOLUSDT,5m,2025-03,0,0,0,0.0,0.0,0.0,0.0
712,30,0.02,2.0,SOLUSDT,5m,2025-04,0,0,0,0.0,0.0,0.0,0.0
713,30,0.02,2.0,SOLUSDT,5m,2025-05,0,0,0,0.0,0.0,0.0,0.0
714,30,0.02,2.0,SOLUSDT,30m,2025-03,0,0,0,0.0,0.0,0.0,0.0
715,30,0.02,2.0,SOLUSDT,30m,2025-04,0,0,0,0.0,0.0,0.0,0.0
716,30,0.02,2.0,SOLUSDT,30m,2025-05,0,0,0,0.0,0.0,0.0,0.0
717,30,0.02,2.0,SOLUSDT,1h,2025-03,0,0,0,0.0,0.0,0.0,0.0
718,30,0.02,2.0,SOLUSDT,1h,2025-04,0,0,0,0.0,0.0,0.0,0.0
719,30,0.02,2.0,SOLUSDT,1h,2025-05,0,0,0,0.0,0.0,0.0,0.0
720,30,0.02,2.5,BTCUSDT,1m,2025-03,2,1,1,0.7391082262203138,-0.1625282270360604,0.5765799991842534,0.5
721,30,0.02,2.5,BTCUSDT,1m,2025-04,6,6,0,13.542292274729942,0.0,13.542292274729942,1.0
722,30,0.02,2.5,BTCUSDT,1m,2025-05,8,6,2,10.884047952544483,-1.678606244817075,9.205441707727408,0.75
723,30,0.02,2.5,BTCUSDT,5m,2025-03,1,0,1,0.0,-6.941373676032577,-6.941373676032577,0.0
724,30,0.02,2.5,BTCUSDT,5m,2025-04,1,1,0,7.748246828143017,0.0,7.748246828143017,1.0
725,30,0.02,2.5,BTCUSDT,5m,2025-05,2,2,0,3.183134806844551,0.0,3.183134806844551,1.0
726,30,0.02,2.5,BTCUSDT,30m,2025-03,1,1,0,5.930480298390896,0.0,5.930480298390896,1.0
727,30,0.02,2.5,BTCUSDT,30m,2025-04,0,0,0,0.0,0.0,0.0,0.0
728,30,0.02,2.5,BTCUSDT,30m,2025-05,0,0,0,0.0,0.0,0.0,0.0
729,30,0.02,2.5,BTCUSDT,1h,2025-03,0,0,0,0.0,0.0,0.0,0.0
730,30,0.02,2.5,BTCUSDT,1h,2025-04,0,0,0,0.0,0.0,0.0,0.0
731,30,0.02,2.5,BTCUSDT,1h,2025-05,0,0,0,0.0,0.0,0.0,0.0
732,30,0.02,2.5,ETHUSDT,1m,2025-03,4,4,0,8.165006089259052,0.0,8.165006089259052,1.0
733,30,0.02,2.5,ETHUSDT,1m,2025-04,4,3,1,10.06272264198697,-0.3237706745129478,9.738951967474021,0.75
734,30,0.02,2.5,ETHUSDT,1m,2025-05,4,3,1,4.1076283212150635,-0.6105397202376577,3.4970886009774063,0.75
735,30,0.02,2.5,ETHUSDT,5m,2025-03,1,1,0,1.7700334524443093,0.0,1.7700334524443093,1.0
736,30,0.02,2.5,ETHUSDT,5m,2025-04,2,1,1,27.11092034195372,-8.715669424873951,18.395250917079768,0.5
737,30,0.02,2.5,ETHUSDT,5m,2025-05,0,0,0,0.0,0.0,0.0,0.0
738,30,0.02,2.5,ETHUSDT,30m,2025-03,1,1,0,8.217182497331912,0.0,8.217182497331912,1.0
739,30,0.02,2.5,ETHUSDT,30m,2025-04,0,0,0,0.0,0.0,0.0,0.0
740,30,0.02,2.5,ETHUSDT,30m,2025-05,0,0,0,0.0,0.0,0.0,0.0
741,30,0.02,2.5,ETHUSDT,1h,2025-03,0,0,0,0.0,0.0,0.0,0.0
742,30,0.02,2.5,ETHUSDT,1h,2025-04,0,0,0,0.0,0.0,0.0,0.0
743,30,0.02,2.5,ETHUSDT,1h,2025-05,0,0,0,0.0,0.0,0.0,0.0
744,30,0.02,2.5,SOLUSDT,1m,2025-03,1,1,0,3.9080459770114993,0.0,3.9080459770114993,1.0
745,30,0.02,2.5,SOLUSDT,1m,2025-04,3,2,1,40.47984583904483,-2.379547689282218,38.10029814976261,0.6666666666666666
746,30,0.02,2.5,SOLUSDT,1m,2025-05,1,0,1,0.0,-1.5426124699395831,-1.5426124699395831,0.0
747,30,0.02,2.5,SOLUSDT,5m,2025-03,0,0,0,0.0,0.0,0.0,0.0
748,30,0.02,2.5,SOLUSDT,5m,2025-04,0,0,0,0.0,0.0,0.0,0.0
749,30,0.02,2.5,SOLUSDT,5m,2025-05,0,0,0,0.0,0.0,0.0,0.0
750,30,0.02,2.5,SOLUSDT,30m,2025-03,0,0,0,0.0,0.0,0.0,0.0
751,30,0.02,2.5,SOLUSDT,30m,2025-04,0,0,0,0.0,0.0,0.0,0.0
752,30,0.02,2.5,SOLUSDT,30m,2025-05,0,0,0,0.0,0.0,0.0,0.0
753,30,0.02,2.5,SOLUSDT,1h,2025-03,0,0,0,0.0,0.0,0.0,0.0
754,30,0.02,2.5,SOLUSDT,1h,2025-04,0,0,0,0.0,0.0,0.0,0.0
755,30,0.02,2.5,SOLUSDT,1h,2025-05,0,0,0,0.0,0.0,0.0,0.0
756,30,0.03,1.5,BTCUSDT,1m,2025-03,2,1,1,0.7391082262203138,-0.1625282270360604,0.5765799991842534,0.5
757,30,0.03,1.5,BTCUSDT,1m,2025-04,6,6,0,13.542292274729942,0.0,13.542292274729942,1.0
758,30,0.03,1.5,BTCUSDT,1m,2025-05,8,6,2,10.884047952544483,-1.678606244817075,9.205441707727408,0.75
759,30,0.03,1.5,BTCUSDT,5m,2025-03,1,0,1,0.0,-6.941373676032577,-6.941373676032577,0.0
760,30,0.03,1.5,BTCUSDT,5m,2025-04,1,1,0,7.748246828143017,0.0,7.748246828143017,1.0
761,30,0.03,1.5,BTCUSDT,5m,2025-05,2,2,0,3.183134806844551,0.0,3.183134806844551,1.0
762,30,0.03,1.5,BTCUSDT,30m,2025-03,1,1,0,5.930480298390896,0.0,5.930480298390896,1.0
763,30,0.03,1.5,BTCUSDT,30m,2025-04,0,0,0,0.0,0.0,0.0,0.0
764,30,0.03,1.5,BTCUSDT,30m,2025-05,0,0,0,0.0,0.0,0.0,0.0
765,30,0.03,1.5,BTCUSDT,1h,2025-03,0,0,0,0.0,0.0,0.0,0.0
766,30,0.03,1.5,BTCUSDT,1h,2025-04,0,0,0,0.0,0.0,0.0,0.0
767,30,0.03,1.5,BTCUSDT,1h,2025-05,0,0,0,0.0,0.0,0.0,0.0
768,30,0.03,1.5,ETHUSDT,1m,2025-03,4,4,0,8.165006089259052,0.0,8.165006089259052,1.0
769,30,0.03,1.5,ETHUSDT,1m,2025-04,4,3,1,10.06272264198697,-0.3237706745129478,9.738951967474021,0.75
770,30,0.03,1.5,ETHUSDT,1m,2025-05,4,3,1,4.1076283212150635,-0.6105397202376577,3.4970886009774063,0.75
771,30,0.03,1.5,ETHUSDT,5m,2025-03,1,1,0,1.7700334524443093,0.0,1.7700334524443093,1.0
772,30,0.03,1.5,ETHUSDT,5m,2025-04,2,1,1,27.11092034195372,-8.715669424873951,18.395250917079768,0.5
773,30,0.03,1.5,ETHUSDT,5m,2025-05,0,0,0,0.0,0.0,0.0,0.0
774,30,0.03,1.5,ETHUSDT,30m,2025-03,1,1,0,8.217182497331912,0.0,8.217182497331912,1.0
775,30,0.03,1.5,ETHUSDT,30m,2025-04,0,0,0,0.0,0.0,0.0,0.0
776,30,0.03,1.5,ETHUSDT,30m,2025-05,0,0,0,0.0,0.0,0.0,0.0
777,30,0.03,1.5,ETHUSDT,1h,2025-03,0,0,0,0.0,0.0,0.0,0.0
778,30,0.03,1.5,ETHUSDT,1h,2025-04,0,0,0,0.0,0.0,0.0,0.0
779,30,0.03,1.5,ETHUSDT,1h,2025-05,0,0,0,0.0,0.0,0.0,0.0
780,30,0.03,1.5,SOLUSDT,1m,2025-03,1,1,0,3.9080459770114993,0.0,3.9080459770114993,1.0
781,30,0.03,1.5,SOLUSDT,1m,2025-04,3,2,1,40.47984583904483,-2.379547689282218,38.10029814976261,0.6666666666666666
782,30,0.03,1.5,SOLUSDT,1m,2025-05,1,0,1,0.0,-1.5426124699395831,-1.5426124699395831,0.0
783,30,0.03,1.5,SOLUSDT,5m,2025-03,0,0,0,0.0,0.0,0.0,0.0
784,30,0.03,1.5,SOLUSDT,5m,2025-04,0,0,0,0.0,0.0,0.0,0.0
785,30,0.03,1.5,SOLUSDT,5m,2025-05,0,0,0,0.0,0.0,0.0,0.0
786,30,0.03,1.5,SOLUSDT,30m,2025-03,0,0,0,0.0,0.0,0.0,0.0
787,30,0.03,1.5,SOLUSDT,30m,2025-04,0,0,0,0.0,0.0,0.0,0.0
788,30,0.03,1.5,SOLUSDT,30m,2025-05,0,0,0,0.0,0.0,0.0,0.0
789,30,0.03,1.5,SOLUSDT,1h,2025-03,0,0,0,0.0,0.0,0.0,0.0
790,30,0.03,1.5,SOLUSDT,1h,2025-04,0,0,0,0.0,0.0,0.0,0.0
791,30,0.03,1.5,SOLUSDT,1h,2025-05,0,0,0,0.0,0.0,0.0,0.0
792,30,0.03,2.0,BTCUSDT,1m,2025-03,2,1,1,0.7391082262203138,-0.1625282270360604,0.5765799991842534,0.5
793,30,0.03,2.0,BTCUSDT,1m,2025-04,6,6,0,13.542292274729942,0.0,13.542292274729942,1.0
794,30,0.03,2.0,BTCUSDT,1m,2025-05,8,6,2,10.884047952544483,-1.678606244817075,9.205441707727408,0.75
795,30,0.03,2.0,BTCUSDT,5m,2025-03,1,0,1,0.0,-6.941373676032577,-6.941373676032577,0.0
796,30,0.03,2.0,BTCUSDT,5m,2025-04,1,1,0,7.748246828143017,0.0,7.748246828143017,1.0
797,30,0.03,2.0,BTCUSDT,5m,2025-05,2,2,0,3.183134806844551,0.0,3.183134806844551,1.0
798,30,0.03,2.0,BTCUSDT,30m,2025-03,1,1,0,5.930480298390896,0.0,5.930480298390896,1.0
799,30,0.03,2.0,BTCUSDT,30m,2025-04,0,0,0,0.0,0.0,0.0,0.0
800,30,0.03,2.0,BTCUSDT,30m,2025-05,0,0,0,0.0,0.0,0.0,0.0
801,30,0.03,2.0,BTCUSDT,1h,2025-03,0,0,0,0.0,0.0,0.0,0.0
802,30,0.03,2.0,BTCUSDT,1h,2025-04,0,0,0,0.0,0.0,0.0,0.0
803,30,0.03,2.0,BTCUSDT,1h,2025-05,0,0,0,0.0,0.0,0.0,0.0
804,30,0.03,2.0,ETHUSDT,1m,2025-03,4,4,0,8.165006089259052,0.0,8.165006089259052,1.0
805,30,0.03,2.0,ETHUSDT,1m,2025-04,4,3,1,10.06272264198697,-0.3237706745129478,9.738951967474021,0.75
806,30,0.03,2.0,ETHUSDT,1m,2025-05,4,3,1,4.1076283212150635,-0.6105397202376577,3.4970886009774063,0.75
807,30,0.03,2.0,ETHUSDT,5m,2025-03,1,1,0,1.7700334524443093,0.0,1.7700334524443093,1.0
808,30,0.03,2.0,ETHUSDT,5m,2025-04,2,1,1,27.11092034195372,-8.715669424873951,18.395250917079768,0.5
809,30,0.03,2.0,ETHUSDT,5m,2025-05,0,0,0,0.0,0.0,0.0,0.0
810,30,0.03,2.0,ETHUSDT,30m,2025-03,1,1,0,8.217182497331912,0.0,8.217182497331912,1.0
811,30,0.03,2.0,ETHUSDT,30m,2025-04,0,0,0,0.0,0.0,0.0,0.0
812,30,0.03,2.0,ETHUSDT,30m,2025-05,0,0,0,0.0,0.0,0.0,0.0
813,30,0.03,2.0,ETHUSDT,1h,2025-03,0,0,0,0.0,0.0,0.0,0.0
814,30,0.03,2.0,ETHUSDT,1h,2025-04,0,0,0,0.0,0.0,0.0,0.0
815,30,0.03,2.0,ETHUSDT,1h,2025-05,0,0,0,0.0,0.0,0.0,0.0
816,30,0.03,2.0,SOLUSDT,1m,2025-03,1,1,0,3.9080459770114993,0.0,3.9080459770114993,1.0
817,30,0.03,2.0,SOLUSDT,1m,2025-04,3,2,1,40.47984583904483,-2.379547689282218,38.10029814976261,0.6666666666666666
818,30,0.03,2.0,SOLUSDT,1m,2025-05,1,0,1,0.0,-1.5426124699395831,-1.5426124699395831,0.0
819,30,0.03,2.0,SOLUSDT,5m,2025-03,0,0,0,0.0,0.0,0.0,0.0
820,30,0.03,2.0,SOLUSDT,5m,2025-04,0,0,0,0.0,0.0,0.0,0.0
821,30,0.03,2.0,SOLUSDT,5m,2025-05,0,0,0,0.0,0.0,0.0,0.0
822,30,0.03,2.0,SOLUSDT,30m,2025-03,0,0,0,0.0,0.0,0.0,0.0
823,30,0.03,2.0,SOLUSDT,30m,2025-04,0,0,0,0.0,0.0,0.0,0.0
824,30,0.03,2.0,SOLUSDT,30m,2025-05,0,0,0,0.0,0.0,0.0,0.0
825,30,0.03,2.0,SOLUSDT,1h,2025-03,0,0,0,0.0,0.0,0.0,0.0
826,30,0.03,2.0,SOLUSDT,1h,2025-04,0,0,0,0.0,0.0,0.0,0.0
827,30,0.03,2.0,SOLUSDT,1h,2025-05,0,0,0,0.0,0.0,0.0,0.0
828,30,0.03,2.5,BTCUSDT,1m,2025-03,2,1,1,0.7391082262203138,-0.1625282270360604,0.5765799991842534,0.5
829,30,0.03,2.5,BTCUSDT,1m,2025-04,6,6,0,13.542292274729942,0.0,13.542292274729942,1.0
830,30,0.03,2.5,BTCUSDT,1m,2025-05,8,6,2,10.884047952544483,-1.678606244817075,9.205441707727408,0.75
831,30,0.03,2.5,BTCUSDT,5m,2025-03,1,0,1,0.0,-6.941373676032577,-6.941373676032577,0.0
832,30,0.03,2.5,BTCUSDT,5m,2025-04,1,1,0,7.748246828143017,0.0,7.748246828143017,1.0
833,30,0.03,2.5,BTCUSDT,5m,2025-05,2,2,0,3.183134806844551,0.0,3.183134806844551,1.0
834,30,0.03,2.5,BTCUSDT,30m,2025-03,1,1,0,5.930480298390896,0.0,5.930480298390896,1.0
835,30,0.03,2.5,BTCUSDT,30m,2025-04,0,0,0,0.0,0.0,0.0,0.0
836,30,0.03,2.5,BTCUSDT,30m,2025-05,0,0,0,0.0,0.0,0.0,0.0
837,30,0.03,2.5,BTCUSDT,1h,2025-03,0,0,0,0.0,0.0,0.0,0.0
838,30,0.03,2.5,BTCUSDT,1h,2025-04,0,0,0,0.0,0.0,0.0,0.0
839,30,0.03,2.5,BTCUSDT,1h,2025-05,0,0,0,0.0,0.0,0.0,0.0
840,30,0.03,2.5,ETHUSDT,1m,2025-03,4,4,0,8.165006089259052,0.0,8.165006089259052,1.0
841,30,0.03,2.5,ETHUSDT,1m,2025-04,4,3,1,10.06272264198697,-0.3237706745129478,9.738951967474021,0.75
842,30,0.03,2.5,ETHUSDT,1m,2025-05,4,3,1,4.1076283212150635,-0.6105397202376577,3.4970886009774063,0.75
843,30,0.03,2.5,ETHUSDT,5m,2025-03,1,1,0,1.7700334524443093,0.0,1.7700334524443093,1.0
844,30,0.03,2.5,ETHUSDT,5m,2025-04,2,1,1,27.11092034195372,-8.715669424873951,18.395250917079768,0.5
845,30,0.03,2.5,ETHUSDT,5m,2025-05,0,0,0,0.0,0.0,0.0,0.0
846,30,0.03,2.5,ETHUSDT,30m,2025-03,1,1,0,8.217182497331912,0.0,8.217182497331912,1.0
847,30,0.03,2.5,ETHUSDT,30m,2025-04,0,0,0,0.0,0.0,0.0,0.0
848,30,0.03,2.5,ETHUSDT,30m,2025-05,0,0,0,0.0,0.0,0.0,0.0
849,30,0.03,2.5,ETHUSDT,1h,2025-03,0,0,0,0.0,0.0,0.0,0.0
850,30,0.03,2.5,ETHUSDT,1h,2025-04,0,0,0,0.0,0.0,0.0,0.0
851,30,0.03,2.5,ETHUSDT,1h,2025-05,0,0,0,0.0,0.0,0.0,0.0
852,30,0.03,2.5,SOLUSDT,1m,2025-03,1,1,0,3.9080459770114993,0.0,3.9080459770114993,1.0
853,30,0.03,2.5,SOLUSDT,1m,2025-04,3,2,1,40.47984583904483,-2.379547689282218,38.10029814976261,0.6666666666666666
854,30,0.03,2.5,SOLUSDT,1m,2025-05,1,0,1,0.0,-1.5426124699395831,-1.5426124699395831,0.0
855,30,0.03,2.5,SOLUSDT,5m,2025-03,0,0,0,0.0,0.0,0.0,0.0
856,30,0.03,2.5,SOLUSDT,5m,2025-04,0,0,0,0.0,0.0,0.0,0.0
857,30,0.03,2.5,SOLUSDT,5m,2025-05,0,0,0,0.0,0.0,0.0,0.0
858,30,0.03,2.5,SOLUSDT,30m,2025-03,0,0,0,0.0,0.0,0.0,0.0
859,30,0.03,2.5,SOLUSDT,30m,2025-04,0,0,0,0.0,0.0,0.0,0.0
860,30,0.03,2.5,SOLUSDT,30m,2025-05,0,0,0,0.0,0.0,0.0,0.0
861,30,0.03,2.5,SOLUSDT,1h,2025-03,0,0,0,0.0,0.0,0.0,0.0
862,30,0.03,2.5,SOLUSDT,1h,2025-04,0,0,0,0.0,0.0,0.0,0.0
863,30,0.03,2.5,SOLUSDT,1h,2025-05,0,0,0,0.0,0.0,0.0,0.0
864,30,0.05,1.5,BTCUSDT,1m,2025-03,2,1,1,0.7391082262203138,-0.1625282270360604,0.5765799991842534,0.5
865,30,0.05,1.5,BTCUSDT,1m,2025-04,6,6,0,13.542292274729942,0.0,13.542292274729942,1.0
866,30,0.05,1.5,BTCUSDT,1m,2025-05,8,6,2,10.884047952544483,-1.678606244817075,9.205441707727408,0.75
867,30,0.05,1.5,BTCUSDT,5m,2025-03,1,0,1,0.0,-6.941373676032577,-6.941373676032577,0.0
868,30,0.05,1.5,BTCUSDT,5m,2025-04,1,1,0,7.748246828143017,0.0,7.748246828143017,1.0
869,30,0.05,1.5,BTCUSDT,5m,2025-05,2,2,0,3.183134806844551,0.0,3.183134806844551,1.0
870,30,0.05,1.5,BTCUSDT,30m,2025-03,1,1,0,5.930480298390896,0.0,5.930480298390896,1.0
871,30,0.05,1.5,BTCUSDT,30m,2025-04,0,0,0,0.0,0.0,0.0,0.0
872,30,0.05,1.5,BTCUSDT,30m,2025-05,0,0,0,0.0,0.0,0.0,0.0
873,30,0.05,1.5,BTCUSDT,1h,2025-03,0,0,0,0.0,0.0,0.0,0.0
874,30,0.05,1.5,BTCUSDT,1h,2025-04,0,0,0,0.0,0.0,0.0,0.0
875,30,0.05,1.5,BTCUSDT,1h,2025-05,0,0,0,0.0,0.0,0.0,0.0
876,30,0.05,1.5,ETHUSDT,1m,2025-03,4,4,0,8.165006089259052,0.0,8.165006089259052,1.0
877,30,0.05,1.5,ETHUSDT,1m,2025-04,4,3,1,10.06272264198697,-0.3237706745129478,9.738951967474021,0.75
878,30,0.05,1.5,ETHUSDT,1m,2025-05,4,3,1,4.1076283212150635,-0.6105397202376577,3.4970886009774063,0.75
879,30,0.05,1.5,ETHUSDT,5m,2025-03,1,1,0,1.7700334524443093,0.0,1.7700334524443093,1.0
880,30,0.05,1.5,ETHUSDT,5m,2025-04,2,1,1,27.11092034195372,-8.715669424873951,18.395250917079768,0.5
881,30,0.05,1.5,ETHUSDT,5m,2025-05,0,0,0,0.0,0.0,0.0,0.0
882,30,0.05,1.5,ETHUSDT,30m,2025-03,1,1,0,8.217182497331912,0.0,8.217182497331912,1.0
883,30,0.05,1.5,ETHUSDT,30m,2025-04,0,0,0,0.0,0.0,0.0,0.0
884,30,0.05,1.5,ETHUSDT,30m,2025-05,0,0,0,0.0,0.0,0.0,0.0
885,30,0.05,1.5,ETHUSDT,1h,2025-03,0,0,0,0.0,0.0,0.0,0.0
886,30,0.05,1.5,ETHUSDT,1h,2025-04,0,0,0,0.0,0.0,0.0,0.0
887,30,0.05,1.5,ETHUSDT,1h,2025-05,0,0,0,0.0,0.0,0.0,0.0
888,30,0.05,1.5,SOLUSDT,1m,2025-03,1,1,0,3.9080459770114993,0.0,3.9080459770114993,1.0
889,30,0.05,1.5,SOLUSDT,1m,2025-04,3,2,1,40.47984583904483,-2.379547689282218,38.10029814976261,0.6666666666666666
890,30,0.05,1.5,SOLUSDT,1m,2025-05,1,0,1,0.0,-1.5426124699395831,-1.5426124699395831,0.0
891,30,0.05,1.5,SOLUSDT,5m,2025-03,0,0,0,0.0,0.0,0.0,0.0
892,30,0.05,1.5,SOLUSDT,5m,2025-04,0,0,0,0.0,0.0,0.0,0.0
893,30,0.05,1.5,SOLUSDT,5m,2025-05,0,0,0,0.0,0.0,0.0,0.0
894,30,0.05,1.5,SOLUSDT,30m,2025-03,0,0,0,0.0,0.0,0.0,0.0
895,30,0.05,1.5,SOLUSDT,30m,2025-04,0,0,0,0.0,0.0,0.0,0.0
896,30,0.05,1.5,SOLUSDT,30m,2025-05,0,0,0,0.0,0.0,0.0,0.0
897,30,0.05,1.5,SOLUSDT,1h,2025-03,0,0,0,0.0,0.0,0.0,0.0
898,30,0.05,1.5,SOLUSDT,1h,2025-04,0,0,0,0.0,0.0,0.0,0.0
899,30,0.05,1.5,SOLUSDT,1h,2025-05,0,0,0,0.0,0.0,0.0,0.0
900,30,0.05,2.0,BTCUSDT,1m,2025-03,2,1,1,0.7391082262203138,-0.1625282270360604,0.5765799991842534,0.5
901,30,0.05,2.0,BTCUSDT,1m,2025-04,6,6,0,13.542292274729942,0.0,13.542292274729942,1.0
902,30,0.05,2.0,BTCUSDT,1m,2025-05,8,6,2,10.884047952544483,-1.678606244817075,9.205441707727408,0.75
903,30,0.05,2.0,BTCUSDT,5m,2025-03,1,0,1,0.0,-6.941373676032577,-6.941373676032577,0.0
904,30,0.05,2.0,BTCUSDT,5m,2025-04,1,1,0,7.748246828143017,0.0,7.748246828143017,1.0
905,30,0.05,2.0,BTCUSDT,5m,2025-05,2,2,0,3.183134806844551,0.0,3.183134806844551,1.0
906,30,0.05,2.0,BTCUSDT,30m,2025-03,1,1,0,5.930480298390896,0.0,5.930480298390896,1.0
907,30,0.05,2.0,BTCUSDT,30m,2025-04,0,0,0,0.0,0.0,0.0,0.0
908,30,0.05,2.0,BTCUSDT,30m,2025-05,0,0,0,0.0,0.0,0.0,0.0
909,30,0.05,2.0,BTCUSDT,1h,2025-03,0,0,0,0.0,0.0,0.0,0.0
910,30,0.05,2.0,BTCUSDT,1h,2025-04,0,0,0,0.0,0.0,0.0,0.0
911,30,0.05,2.0,BTCUSDT,1h,2025-05,0,0,0,0.0,0.0,0.0,0.0
912,30,0.05,2.0,ETHUSDT,1m,2025-03,4,4,0,8.165006089259052,0.0,8.165006089259052,1.0
913,30,0.05,2.0,ETHUSDT,1m,2025-04,4,3,1,10.06272264198697,-0.3237706745129478,9.738951967474021,0.75
914,30,0.05,2.0,ETHUSDT,1m,2025-05,4,3,1,4.1076283212150635,-0.6105397202376577,3.4970886009774063,0.75
915,30,0.05,2.0,ETHUSDT,5m,2025-03,1,1,0,1.7700334524443093,0.0,1.7700334524443093,1.0
916,30,0.05,2.0,ETHUSDT,5m,2025-04,2,1,1,27.11092034195372,-8.715669424873951,18.395250917079768,0.5
917,30,0.05,2.0,ETHUSDT,5m,2025-05,0,0,0,0.0,0.0,0.0,0.0
918,30,0.05,2.0,ETHUSDT,30m,2025-03,1,1,0,8.217182497331912,0.0,8.217182497331912,1.0
919,30,0.05,2.0,ETHUSDT,30m,2025-04,0,0,0,0.0,0.0,0.0,0.0
920,30,0.05,2.0,ETHUSDT,30m,2025-05,0,0,0,0.0,0.0,0.0,0.0
921,30,0.05,2.0,ETHUSDT,1h,2025-03,0,0,0,0.0,0.0,0.0,0.0
922,30,0.05,2.0,ETHUSDT,1h,2025-04,0,0,0,0.0,0.0,0.0,0.0
923,30,0.05,2.0,ETHUSDT,1h,2025-05,0,0,0,0.0,0.0,0.0,0.0
924,30,0.05,2.0,SOLUSDT,1m,2025-03,1,1,0,3.9080459770114993,0.0,3.9080459770114993,1.0
925,30,0.05,2.0,SOLUSDT,1m,2025-04,3,2,1,40.47984583904483,-2.379547689282218,38.10029814976261,0.6666666666666666
926,30,0.05,2.0,SOLUSDT,1m,2025-05,1,0,1,0.0,-1.5426124699395831,-1.5426124699395831,0.0
927,30,0.05,2.0,SOLUSDT,5m,2025-03,0,0,0,0.0,0.0,0.0,0.0
928,30,0.05,2.0,SOLUSDT,5m,2025-04,0,0,0,0.0,0.0,0.0,0.0
929,30,0.05,2.0,SOLUSDT,5m,2025-05,0,0,0,0.0,0.0,0.0,0.0
930,30,0.05,2.0,SOLUSDT,30m,2025-03,0,0,0,0.0,0.0,0.0,0.0
931,30,0.05,2.0,SOLUSDT,30m,2025-04,0,0,0,0.0,0.0,0.0,0.0
932,30,0.05,2.0,SOLUSDT,30m,2025-05,0,0,0,0.0,0.0,0.0,0.0
933,30,0.05,2.0,SOLUSDT,1h,2025-03,0,0,0,0.0,0.0,0.0,0.0
934,30,0.05,2.0,SOLUSDT,1h,2025-04,0,0,0,0.0,0.0,0.0,0.0
935,30,0.05,2.0,SOLUSDT,1h,2025-05,0,0,0,0.0,0.0,0.0,0.0
936,30,0.05,2.5,BTCUSDT,1m,2025-03,2,1,1,0.7391082262203138,-0.1625282270360604,0.5765799991842534,0.5
937,30,0.05,2.5,BTCUSDT,1m,2025-04,6,6,0,13.542292274729942,0.0,13.542292274729942,1.0
938,30,0.05,2.5,BTCUSDT,1m,2025-05,8,6,2,10.884047952544483,-1.678606244817075,9.205441707727408,0.75
939,30,0.05,2.5,BTCUSDT,5m,2025-03,1,0,1,0.0,-6.941373676032577,-6.941373676032577,0.0
940,30,0.05,2.5,BTCUSDT,5m,2025-04,1,1,0,7.748246828143017,0.0,7.748246828143017,1.0
941,30,0.05,2.5,BTCUSDT,5m,2025-05,2,2,0,3.183134806844551,0.0,3.183134806844551,1.0
942,30,0.05,2.5,BTCUSDT,30m,2025-03,1,1,0,5.930480298390896,0.0,5.930480298390896,1.0
943,30,0.05,2.5,BTCUSDT,30m,2025-04,0,0,0,0.0,0.0,0.0,0.0
944,30,0.05,2.5,BTCUSDT,30m,2025-05,0,0,0,0.0,0.0,0.0,0.0
945,30,0.05,2.5,BTCUSDT,1h,2025-03,0,0,0,0.0,0.0,0.0,0.0
946,30,0.05,2.5,BTCUSDT,1h,2025-04,0,0,0,0.0,0.0,0.0,0.0
947,30,0.05,2.5,BTCUSDT,1h,2025-05,0,0,0,0.0,0.0,0.0,0.0
948,30,0.05,2.5,ETHUSDT,1m,2025-03,4,4,0,8.165006089259052,0.0,8.165006089259052,1.0
949,30,0.05,2.5,ETHUSDT,1m,2025-04,4,3,1,10.06272264198697,-0.3237706745129478,9.738951967474021,0.75
950,30,0.05,2.5,ETHUSDT,1m,2025-05,4,3,1,4.1076283212150635,-0.6105397202376577,3.4970886009774063,0.75
951,30,0.05,2.5,ETHUSDT,5m,2025-03,1,1,0,1.7700334524443093,0.0,1.7700334524443093,1.0
952,30,0.05,2.5,ETHUSDT,5m,2025-04,2,1,1,27.11092034195372,-8.715669424873951,18.395250917079768,0.5
953,30,0.05,2.5,ETHUSDT,5m,2025-05,0,0,0,0.0,0.0,0.0,0.0
954,30,0.05,2.5,ETHUSDT,30m,2025-03,1,1,0,8.217182497331912,0.0,8.217182497331912,1.0
955,30,0.05,2.5,ETHUSDT,30m,2025-04,0,0,0,0.0,0.0,0.0,0.0
956,30,0.05,2.5,ETHUSDT,30m,2025-05,0,0,0,0.0,0.0,0.0,0.0
957,30,0.05,2.5,ETHUSDT,1h,2025-03,0,0,0,0.0,0.0,0.0,0.0
958,30,0.05,2.5,ETHUSDT,1h,2025-04,0,0,0,0.0,0.0,0.0,0.0
959,30,0.05,2.5,ETHUSDT,1h,2025-05,0,0,0,0.0,0.0,0.0,0.0
960,30,0.05,2.5,SOLUSDT,1m,2025-03,1,1,0,3.9080459770114993,0.0,3.9080459770114993,1.0
961,30,0.05,2.5,SOLUSDT,1m,2025-04,3,2,1,40.47984583904483,-2.379547689282218,38.10029814976261,0.6666666666666666
962,30,0.05,2.5,SOLUSDT,1m,2025-05,1,0,1,0.0,-1.5426124699395831,-1.5426124699395831,0.0
963,30,0.05,2.5,SOLUSDT,5m,2025-03,0,0,0,0.0,0.0,0.0,0.0
964,30,0.05,2.5,SOLUSDT,5m,2025-04,0,0,0,0.0,0.0,0.0,0.0
965,30,0.05,2.5,SOLUSDT,5m,2025-05,0,0,0,0.0,0.0,0.0,0.0
966,30,0.05,2.5,SOLUSDT,30m,2025-03,0,0,0,0.0,0.0,0.0,0.0
967,30,0.05,2.5,SOLUSDT,30m,2025-04,0,0,0,0.0,0.0,0.0,0.0
968,30,0.05,2.5,SOLUSDT,30m,2025-05,0,0,0,0.0,0.0,0.0,0.0
969,30,0.05,2.5,SOLUSDT,1h,2025-03,0,0,0,0.0,0.0,0.0,0.0
970,30,0.05,2.5,SOLUSDT,1h,2025-04,0,0,0,0.0,0.0,0.0,0.0
971,30,0.05,2.5,SOLUSDT,1h,2025-05,0,0,0,0.0,0.0,0.0,0.0
